date,center_id,center_name,total_doses_administered,appointments_scheduled,doses_via_appointment,doses_via_walkin,no_shows,no_show_rate
2021-05-22,MLD-01,Malard Central Health Center,126,55,49,77,6,0.1091
2021-05-22,MLD-02,Sabashahr Health Center,109,58,51,58,7,0.1207
2021-05-22,MLD-03,Vahedieh Health Center,107,32,29,78,3,0.0938
2021-05-22,MLD-04,Sadeghieh-e Malard Vaccination Center,94,36,32,62,4,0.1111
2021-05-22,MLD-05,Chelab Rural Vaccination Center,66,31,27,39,4,0.129
2021-05-23,MLD-01,Malard Central Health Center,137,61,55,82,6,0.0984
2021-05-23,MLD-02,Sabashahr Health Center,113,53,48,65,5,0.0943
2021-05-23,MLD-03,Vahedieh Health Center,101,41,36,65,5,0.122
2021-05-23,MLD-04,Sadeghieh-e Malard Vaccination Center,95,44,39,56,5,0.1136
2021-05-23,MLD-05,Chelab Rural Vaccination Center,63,33,30,33,3,0.0909
2021-05-24,MLD-01,Malard Central Health Center,127,57,51,76,6,0.1053
2021-05-24,MLD-02,Sabashahr Health Center,110,53,46,64,7,0.1321
2021-05-24,MLD-03,Vahedieh Health Center,104,36,33,71,3,0.0833
2021-05-24,MLD-04,Sadeghieh-e Malard Vaccination Center,91,25,23,68,2,0.08
2021-05-24,MLD-05,Chelab Rural Vaccination Center,70,25,24,46,1,0.04
2021-05-25,MLD-01,Malard Central Health Center,140,56,49,91,7,0.125
2021-05-25,MLD-02,Sabashahr Health Center,131,62,54,77,8,0.129
2021-05-25,MLD-03,Vahedieh Health Center,98,38,33,65,5,0.1316
2021-05-25,MLD-04,Sadeghieh-e Malard Vaccination Center,76,31,27,49,4,0.129
2021-05-25,MLD-05,Chelab Rural Vaccination Center,62,24,22,40,2,0.0833
2021-05-26,MLD-01,Malard Central Health Center,134,69,59,75,10,0.1449
2021-05-26,MLD-02,Sabashahr Health Center,112,47,41,71,6,0.1277
2021-05-26,MLD-03,Vahedieh Health Center,103,40,35,68,5,0.125
2021-05-26,MLD-04,Sadeghieh-e Malard Vaccination Center,92,39,33,59,6,0.1538
2021-05-26,MLD-05,Chelab Rural Vaccination Center,71,29,26,45,3,0.1034
2021-05-27,MLD-01,Malard Central Health Center,116,55,47,69,8,0.1455
2021-05-27,MLD-02,Sabashahr Health Center,111,44,36,75,8,0.1818
2021-05-27,MLD-03,Vahedieh Health Center,84,43,37,47,6,0.1395
2021-05-27,MLD-04,Sadeghieh-e Malard Vaccination Center,72,36,30,42,6,0.1667
2021-05-27,MLD-05,Chelab Rural Vaccination Center,58,27,23,35,4,0.1481
2021-05-28,MLD-01,Malard Central Health Center,47,22,19,28,3,0.1364
2021-05-28,MLD-02,Sabashahr Health Center,42,18,15,27,3,0.1667
2021-05-28,MLD-03,Vahedieh Health Center,37,12,11,26,1,0.0833
2021-05-28,MLD-04,Sadeghieh-e Malard Vaccination Center,33,12,11,22,1,0.0833
2021-05-28,MLD-05,Chelab Rural Vaccination Center,25,10,8,17,2,0.2
2021-05-29,MLD-01,Malard Central Health Center,144,63,59,85,4,0.0635
2021-05-29,MLD-02,Sabashahr Health Center,126,42,39,87,3,0.0714
2021-05-29,MLD-03,Vahedieh Health Center,100,41,37,63,4,0.0976
2021-05-29,MLD-04,Sadeghieh-e Malard Vaccination Center,89,37,34,55,3,0.0811
2021-05-29,MLD-05,Chelab Rural Vaccination Center,72,23,20,52,3,0.1304
2021-05-30,MLD-01,Malard Central Health Center,134,51,46,88,5,0.098
2021-05-30,MLD-02,Sabashahr Health Center,122,51,45,77,6,0.1176
2021-05-30,MLD-03,Vahedieh Health Center,95,44,41,54,3,0.0682
2021-05-30,MLD-04,Sadeghieh-e Malard Vaccination Center,102,34,33,69,1,0.0294
2021-05-30,MLD-05,Chelab Rural Vaccination Center,82,37,32,50,5,0.1351
2021-05-31,MLD-01,Malard Central Health Center,146,58,55,91,3,0.0517
2021-05-31,MLD-02,Sabashahr Health Center,126,41,40,86,1,0.0244
2021-05-31,MLD-03,Vahedieh Health Center,103,47,42,61,5,0.1064
2021-05-31,MLD-04,Sadeghieh-e Malard Vaccination Center,97,43,38,59,5,0.1163
2021-05-31,MLD-05,Chelab Rural Vaccination Center,72,27,24,48,3,0.1111
2021-06-01,MLD-01,Malard Central Health Center,138,60,53,85,7,0.1167
2021-06-01,MLD-02,Sabashahr Health Center,134,58,51,83,7,0.1207
2021-06-01,MLD-03,Vahedieh Health Center,104,38,34,70,4,0.1053
2021-06-01,MLD-04,Sadeghieh-e Malard Vaccination Center,97,31,28,69,3,0.0968
2021-06-01,MLD-05,Chelab Rural Vaccination Center,72,30,27,45,3,0.1
2021-06-02,MLD-01,Malard Central Health Center,151,68,58,93,10,0.1471
2021-06-02,MLD-02,Sabashahr Health Center,123,55,49,74,6,0.1091
2021-06-02,MLD-03,Vahedieh Health Center,98,44,40,58,4,0.0909
2021-06-02,MLD-04,Sadeghieh-e Malard Vaccination Center,108,53,47,61,6,0.1132
2021-06-02,MLD-05,Chelab Rural Vaccination Center,75,34,30,45,4,0.1176
2021-06-03,MLD-01,Malard Central Health Center,120,51,44,76,7,0.1373
2021-06-03,MLD-02,Sabashahr Health Center,104,43,36,68,7,0.1628
2021-06-03,MLD-03,Vahedieh Health Center,88,50,40,48,10,0.2
2021-06-03,MLD-04,Sadeghieh-e Malard Vaccination Center,82,32,27,55,5,0.1562
2021-06-03,MLD-05,Chelab Rural Vaccination Center,78,31,27,51,4,0.129
2021-06-04,MLD-01,Malard Central Health Center,54,24,21,33,3,0.125
2021-06-04,MLD-02,Sabashahr Health Center,46,17,15,31,2,0.1176
2021-06-04,MLD-03,Vahedieh Health Center,33,19,17,16,2,0.1053
2021-06-04,MLD-04,Sadeghieh-e Malard Vaccination Center,38,18,16,22,2,0.1111
2021-06-04,MLD-05,Chelab Rural Vaccination Center,24,10,9,15,1,0.1
2021-06-05,MLD-01,Malard Central Health Center,140,52,46,94,6,0.1154
2021-06-05,MLD-02,Sabashahr Health Center,128,52,44,84,8,0.1538
2021-06-05,MLD-03,Vahedieh Health Center,103,43,38,65,5,0.1163
2021-06-05,MLD-04,Sadeghieh-e Malard Vaccination Center,116,40,36,80,4,0.1
2021-06-05,MLD-05,Chelab Rural Vaccination Center,79,36,32,47,4,0.1111
2021-06-06,MLD-01,Malard Central Health Center,151,71,66,85,5,0.0704
2021-06-06,MLD-02,Sabashahr Health Center,122,41,37,85,4,0.0976
2021-06-06,MLD-03,Vahedieh Health Center,122,47,43,79,4,0.0851
2021-06-06,MLD-04,Sadeghieh-e Malard Vaccination Center,102,47,42,60,5,0.1064
2021-06-06,MLD-05,Chelab Rural Vaccination Center,83,26,24,59,2,0.0769
2021-06-07,MLD-01,Malard Central Health Center,135,61,55,80,6,0.0984
2021-06-07,MLD-02,Sabashahr Health Center,152,64,53,99,11,0.1719
2021-06-07,MLD-03,Vahedieh Health Center,112,29,24,88,5,0.1724
2021-06-07,MLD-04,Sadeghieh-e Malard Vaccination Center,97,37,34,63,3,0.0811
2021-06-07,MLD-05,Chelab Rural Vaccination Center,83,26,24,59,2,0.0769
2021-06-08,MLD-01,Malard Central Health Center,170,73,68,102,5,0.0685
2021-06-08,MLD-02,Sabashahr Health Center,145,57,52,93,5,0.0877
2021-06-08,MLD-03,Vahedieh Health Center,87,30,27,60,3,0.1
2021-06-08,MLD-04,Sadeghieh-e Malard Vaccination Center,103,41,36,67,5,0.122
2021-06-08,MLD-05,Chelab Rural Vaccination Center,78,40,35,43,5,0.125
2021-06-09,MLD-01,Malard Central Health Center,167,62,56,111,6,0.0968
2021-06-09,MLD-02,Sabashahr Health Center,133,54,48,85,6,0.1111
2021-06-09,MLD-03,Vahedieh Health Center,113,56,50,63,6,0.1071
2021-06-09,MLD-04,Sadeghieh-e Malard Vaccination Center,99,45,41,58,4,0.0889
2021-06-09,MLD-05,Chelab Rural Vaccination Center,73,29,27,46,2,0.069
2021-06-10,MLD-01,Malard Central Health Center,132,58,49,83,9,0.1552
2021-06-10,MLD-02,Sabashahr Health Center,109,45,39,70,6,0.1333
2021-06-10,MLD-03,Vahedieh Health Center,91,33,30,61,3,0.0909
2021-06-10,MLD-04,Sadeghieh-e Malard Vaccination Center,98,55,45,53,10,0.1818
2021-06-10,MLD-05,Chelab Rural Vaccination Center,65,34,27,38,7,0.2059
2021-06-11,MLD-01,Malard Central Health Center,58,20,18,40,2,0.1
2021-06-11,MLD-02,Sabashahr Health Center,42,16,15,27,1,0.0625
2021-06-11,MLD-03,Vahedieh Health Center,41,14,12,29,2,0.1429
2021-06-11,MLD-04,Sadeghieh-e Malard Vaccination Center,38,14,12,26,2,0.1429
2021-06-11,MLD-05,Chelab Rural Vaccination Center,27,15,13,14,2,0.1333
2021-06-12,MLD-01,Malard Central Health Center,163,75,67,96,8,0.1067
2021-06-12,MLD-02,Sabashahr Health Center,143,70,64,79,6,0.0857
2021-06-12,MLD-03,Vahedieh Health Center,110,37,34,76,3,0.0811
2021-06-12,MLD-04,Sadeghieh-e Malard Vaccination Center,87,38,33,54,5,0.1316
2021-06-12,MLD-05,Chelab Rural Vaccination Center,82,23,21,61,2,0.087
2021-06-13,MLD-01,Malard Central Health Center,155,57,53,102,4,0.0702
2021-06-13,MLD-02,Sabashahr Health Center,141,61,56,85,5,0.082
2021-06-13,MLD-03,Vahedieh Health Center,111,36,33,78,3,0.0833
2021-06-13,MLD-04,Sadeghieh-e Malard Vaccination Center,101,47,41,60,6,0.1277
2021-06-13,MLD-05,Chelab Rural Vaccination Center,77,30,26,51,4,0.1333
2021-06-14,MLD-01,Malard Central Health Center,155,57,50,105,7,0.1228
2021-06-14,MLD-02,Sabashahr Health Center,133,60,56,77,4,0.0667
2021-06-14,MLD-03,Vahedieh Health Center,112,47,42,70,5,0.1064
2021-06-14,MLD-04,Sadeghieh-e Malard Vaccination Center,117,54,49,68,5,0.0926
2021-06-14,MLD-05,Chelab Rural Vaccination Center,71,27,24,47,3,0.1111
2021-06-15,MLD-01,Malard Central Health Center,146,52,46,100,6,0.1154
2021-06-15,MLD-02,Sabashahr Health Center,131,49,41,90,8,0.1633
2021-06-15,MLD-03,Vahedieh Health Center,121,46,42,79,4,0.087
2021-06-15,MLD-04,Sadeghieh-e Malard Vaccination Center,112,50,47,65,3,0.06
2021-06-15,MLD-05,Chelab Rural Vaccination Center,86,37,33,53,4,0.1081
2021-06-16,MLD-01,Malard Central Health Center,50,24,21,29,3,0.125
2021-06-16,MLD-02,Sabashahr Health Center,38,14,12,26,2,0.1429
2021-06-16,MLD-03,Vahedieh Health Center,35,17,15,20,2,0.1176
2021-06-16,MLD-04,Sadeghieh-e Malard Vaccination Center,32,17,14,18,3,0.1765
2021-06-16,MLD-05,Chelab Rural Vaccination Center,25,11,10,15,1,0.0909
2021-06-17,MLD-01,Malard Central Health Center,145,65,58,87,7,0.1077
2021-06-17,MLD-02,Sabashahr Health Center,113,43,39,74,4,0.093
2021-06-17,MLD-03,Vahedieh Health Center,101,39,33,68,6,0.1538
2021-06-17,MLD-04,Sadeghieh-e Malard Vaccination Center,100,43,38,62,5,0.1163
2021-06-17,MLD-05,Chelab Rural Vaccination Center,60,20,16,44,4,0.2
2021-06-18,MLD-01,Malard Central Health Center,55,25,22,33,3,0.12
2021-06-18,MLD-02,Sabashahr Health Center,54,23,22,32,1,0.0435
2021-06-18,MLD-03,Vahedieh Health Center,38,17,15,23,2,0.1176
2021-06-18,MLD-04,Sadeghieh-e Malard Vaccination Center,39,19,17,22,2,0.1053
2021-06-18,MLD-05,Chelab Rural Vaccination Center,28,10,10,18,0,0.0
2021-06-19,MLD-01,Malard Central Health Center,186,68,63,123,5,0.0735
2021-06-19,MLD-02,Sabashahr Health Center,127,46,41,86,5,0.1087
2021-06-19,MLD-03,Vahedieh Health Center,113,57,51,62,6,0.1053
2021-06-19,MLD-04,Sadeghieh-e Malard Vaccination Center,95,43,40,55,3,0.0698
2021-06-19,MLD-05,Chelab Rural Vaccination Center,90,37,34,56,3,0.0811
2021-06-20,MLD-01,Malard Central Health Center,168,78,67,101,11,0.141
2021-06-20,MLD-02,Sabashahr Health Center,123,57,46,77,11,0.193
2021-06-20,MLD-03,Vahedieh Health Center,128,65,56,72,9,0.1385
2021-06-20,MLD-04,Sadeghieh-e Malard Vaccination Center,116,50,45,71,5,0.1
2021-06-20,MLD-05,Chelab Rural Vaccination Center,87,33,30,57,3,0.0909
2021-06-21,MLD-01,Malard Central Health Center,158,66,57,101,9,0.1364
2021-06-21,MLD-02,Sabashahr Health Center,141,52,47,94,5,0.0962
2021-06-21,MLD-03,Vahedieh Health Center,126,61,56,70,5,0.082
2021-06-21,MLD-04,Sadeghieh-e Malard Vaccination Center,127,62,55,72,7,0.1129
2021-06-21,MLD-05,Chelab Rural Vaccination Center,78,31,30,48,1,0.0323
2021-06-22,MLD-01,Malard Central Health Center,151,65,60,91,5,0.0769
2021-06-22,MLD-02,Sabashahr Health Center,123,62,54,69,8,0.129
2021-06-22,MLD-03,Vahedieh Health Center,129,70,64,65,6,0.0857
2021-06-22,MLD-04,Sadeghieh-e Malard Vaccination Center,132,56,50,82,6,0.1071
2021-06-22,MLD-05,Chelab Rural Vaccination Center,96,52,42,54,10,0.1923
2021-06-23,MLD-01,Malard Central Health Center,176,75,66,110,9,0.12
2021-06-23,MLD-02,Sabashahr Health Center,139,64,55,84,9,0.1406
2021-06-23,MLD-03,Vahedieh Health Center,131,61,57,74,4,0.0656
2021-06-23,MLD-04,Sadeghieh-e Malard Vaccination Center,124,43,39,85,4,0.093
2021-06-23,MLD-05,Chelab Rural Vaccination Center,68,27,23,45,4,0.1481
2021-06-24,MLD-01,Malard Central Health Center,150,64,58,92,6,0.0938
2021-06-24,MLD-02,Sabashahr Health Center,115,59,50,65,9,0.1525
2021-06-24,MLD-03,Vahedieh Health Center,107,43,36,71,7,0.1628
2021-06-24,MLD-04,Sadeghieh-e Malard Vaccination Center,100,53,43,57,10,0.1887
2021-06-24,MLD-05,Chelab Rural Vaccination Center,75,35,28,47,7,0.2
2021-06-25,MLD-01,Malard Central Health Center,61,26,24,37,2,0.0769
2021-06-25,MLD-02,Sabashahr Health Center,52,19,17,35,2,0.1053
2021-06-25,MLD-03,Vahedieh Health Center,41,20,17,24,3,0.15
2021-06-25,MLD-04,Sadeghieh-e Malard Vaccination Center,41,18,16,25,2,0.1111
2021-06-25,MLD-05,Chelab Rural Vaccination Center,30,14,12,18,2,0.1429
2021-06-26,MLD-01,Malard Central Health Center,169,76,66,103,10,0.1316
2021-06-26,MLD-02,Sabashahr Health Center,145,50,44,101,6,0.12
2021-06-26,MLD-03,Vahedieh Health Center,117,46,41,76,5,0.1087
2021-06-26,MLD-04,Sadeghieh-e Malard Vaccination Center,122,46,42,80,4,0.087
2021-06-26,MLD-05,Chelab Rural Vaccination Center,91,40,35,56,5,0.125
2021-06-27,MLD-01,Malard Central Health Center,168,89,76,92,13,0.1461
2021-06-27,MLD-02,Sabashahr Health Center,124,57,50,74,7,0.1228
2021-06-27,MLD-03,Vahedieh Health Center,128,55,48,80,7,0.1273
2021-06-27,MLD-04,Sadeghieh-e Malard Vaccination Center,135,63,56,79,7,0.1111
2021-06-27,MLD-05,Chelab Rural Vaccination Center,85,42,39,46,3,0.0714
2021-06-28,MLD-01,Malard Central Health Center,179,60,54,125,6,0.1
2021-06-28,MLD-02,Sabashahr Health Center,153,63,54,99,9,0.1429
2021-06-28,MLD-03,Vahedieh Health Center,121,53,46,75,7,0.1321
2021-06-28,MLD-04,Sadeghieh-e Malard Vaccination Center,111,52,47,64,5,0.0962
2021-06-28,MLD-05,Chelab Rural Vaccination Center,82,32,30,52,2,0.0625
2021-06-29,MLD-01,Malard Central Health Center,179,70,60,119,10,0.1429
2021-06-29,MLD-02,Sabashahr Health Center,153,64,55,98,9,0.1406
2021-06-29,MLD-03,Vahedieh Health Center,125,54,47,78,7,0.1296
2021-06-29,MLD-04,Sadeghieh-e Malard Vaccination Center,109,48,43,66,5,0.1042
2021-06-29,MLD-05,Chelab Rural Vaccination Center,88,41,37,51,4,0.0976
2021-06-30,MLD-01,Malard Central Health Center,172,85,77,95,8,0.0941
2021-06-30,MLD-02,Sabashahr Health Center,154,60,57,97,3,0.05
2021-06-30,MLD-03,Vahedieh Health Center,128,62,55,73,7,0.1129
2021-06-30,MLD-04,Sadeghieh-e Malard Vaccination Center,110,47,42,68,5,0.1064
2021-06-30,MLD-05,Chelab Rural Vaccination Center,93,37,32,61,5,0.1351
2021-07-01,MLD-01,Malard Central Health Center,153,50,44,109,6,0.12
2021-07-01,MLD-02,Sabashahr Health Center,135,55,45,90,10,0.1818
2021-07-01,MLD-03,Vahedieh Health Center,100,47,40,60,7,0.1489
2021-07-01,MLD-04,Sadeghieh-e Malard Vaccination Center,94,41,38,56,3,0.0732
2021-07-01,MLD-05,Chelab Rural Vaccination Center,77,28,24,53,4,0.1429
2021-07-02,MLD-01,Malard Central Health Center,56,32,28,28,4,0.125
2021-07-02,MLD-02,Sabashahr Health Center,54,19,18,36,1,0.0526
2021-07-02,MLD-03,Vahedieh Health Center,46,18,16,30,2,0.1111
2021-07-02,MLD-04,Sadeghieh-e Malard Vaccination Center,44,22,20,24,2,0.0909
2021-07-02,MLD-05,Chelab Rural Vaccination Center,37,17,15,22,2,0.1176
2021-07-03,MLD-01,Malard Central Health Center,200,96,88,112,8,0.0833
2021-07-03,MLD-02,Sabashahr Health Center,135,65,61,74,4,0.0615
2021-07-03,MLD-03,Vahedieh Health Center,133,50,43,90,7,0.14
2021-07-03,MLD-04,Sadeghieh-e Malard Vaccination Center,135,60,55,80,5,0.0833
2021-07-03,MLD-05,Chelab Rural Vaccination Center,98,45,41,57,4,0.0889
2021-07-04,MLD-01,Malard Central Health Center,196,90,77,119,13,0.1444
2021-07-04,MLD-02,Sabashahr Health Center,167,72,64,103,8,0.1111
2021-07-04,MLD-03,Vahedieh Health Center,159,80,72,87,8,0.1
2021-07-04,MLD-04,Sadeghieh-e Malard Vaccination Center,117,57,52,65,5,0.0877
2021-07-04,MLD-05,Chelab Rural Vaccination Center,90,42,37,53,5,0.119
2021-07-05,MLD-01,Malard Central Health Center,216,99,93,123,6,0.0606
2021-07-05,MLD-02,Sabashahr Health Center,161,74,63,98,11,0.1486
2021-07-05,MLD-03,Vahedieh Health Center,130,63,55,75,8,0.127
2021-07-05,MLD-04,Sadeghieh-e Malard Vaccination Center,142,65,57,85,8,0.1231
2021-07-05,MLD-05,Chelab Rural Vaccination Center,104,47,43,61,4,0.0851
2021-07-06,MLD-01,Malard Central Health Center,227,110,101,126,9,0.0818
2021-07-06,MLD-02,Sabashahr Health Center,184,98,92,92,6,0.0612
2021-07-06,MLD-03,Vahedieh Health Center,152,51,47,105,4,0.0784
2021-07-06,MLD-04,Sadeghieh-e Malard Vaccination Center,127,69,60,67,9,0.1304
2021-07-06,MLD-05,Chelab Rural Vaccination Center,92,42,38,54,4,0.0952
2021-07-07,MLD-01,Malard Central Health Center,217,109,95,122,14,0.1284
2021-07-07,MLD-02,Sabashahr Health Center,174,93,79,95,14,0.1505
2021-07-07,MLD-03,Vahedieh Health Center,165,69,62,103,7,0.1014
2021-07-07,MLD-04,Sadeghieh-e Malard Vaccination Center,147,72,62,85,10,0.1389
2021-07-07,MLD-05,Chelab Rural Vaccination Center,102,45,39,63,6,0.1333
2021-07-08,MLD-01,Malard Central Health Center,185,85,72,113,13,0.1529
2021-07-08,MLD-02,Sabashahr Health Center,151,74,64,87,10,0.1351
2021-07-08,MLD-03,Vahedieh Health Center,128,53,44,84,9,0.1698
2021-07-08,MLD-04,Sadeghieh-e Malard Vaccination Center,134,54,47,87,7,0.1296
2021-07-08,MLD-05,Chelab Rural Vaccination Center,106,51,41,65,10,0.1961
2021-07-09,MLD-01,Malard Central Health Center,77,27,24,53,3,0.1111
2021-07-09,MLD-02,Sabashahr Health Center,65,25,22,43,3,0.12
2021-07-09,MLD-03,Vahedieh Health Center,55,28,25,30,3,0.1071
2021-07-09,MLD-04,Sadeghieh-e Malard Vaccination Center,55,24,20,35,4,0.1667
2021-07-09,MLD-05,Chelab Rural Vaccination Center,42,15,14,28,1,0.0667
2021-07-10,MLD-01,Malard Central Health Center,225,117,112,113,5,0.0427
2021-07-10,MLD-02,Sabashahr Health Center,188,96,86,102,10,0.1042
2021-07-10,MLD-03,Vahedieh Health Center,169,68,62,107,6,0.0882
2021-07-10,MLD-04,Sadeghieh-e Malard Vaccination Center,155,69,60,95,9,0.1304
2021-07-10,MLD-05,Chelab Rural Vaccination Center,122,54,47,75,7,0.1296
2021-07-11,MLD-01,Malard Central Health Center,249,109,97,152,12,0.1101
2021-07-11,MLD-02,Sabashahr Health Center,186,76,65,121,11,0.1447
2021-07-11,MLD-03,Vahedieh Health Center,148,43,41,107,2,0.0465
2021-07-11,MLD-04,Sadeghieh-e Malard Vaccination Center,168,72,64,104,8,0.1111
2021-07-11,MLD-05,Chelab Rural Vaccination Center,126,61,53,73,8,0.1311
2021-07-12,MLD-01,Malard Central Health Center,261,123,116,145,7,0.0569
2021-07-12,MLD-02,Sabashahr Health Center,202,103,92,110,11,0.1068
2021-07-12,MLD-03,Vahedieh Health Center,182,87,79,103,8,0.092
2021-07-12,MLD-04,Sadeghieh-e Malard Vaccination Center,156,69,64,92,5,0.0725
2021-07-12,MLD-05,Chelab Rural Vaccination Center,115,54,48,67,6,0.1111
2021-07-13,MLD-01,Malard Central Health Center,240,128,110,130,18,0.1406
2021-07-13,MLD-02,Sabashahr Health Center,207,102,93,114,9,0.0882
2021-07-13,MLD-03,Vahedieh Health Center,188,84,72,116,12,0.1429
2021-07-13,MLD-04,Sadeghieh-e Malard Vaccination Center,192,91,80,112,11,0.1209
2021-07-13,MLD-05,Chelab Rural Vaccination Center,121,55,50,71,5,0.0909
2021-07-14,MLD-01,Malard Central Health Center,267,111,98,169,13,0.1171
2021-07-14,MLD-02,Sabashahr Health Center,210,86,77,133,9,0.1047
2021-07-14,MLD-03,Vahedieh Health Center,196,94,88,108,6,0.0638
2021-07-14,MLD-04,Sadeghieh-e Malard Vaccination Center,175,83,75,100,8,0.0964
2021-07-14,MLD-05,Chelab Rural Vaccination Center,122,58,53,69,5,0.0862
2021-07-15,MLD-01,Malard Central Health Center,220,91,77,143,14,0.1538
2021-07-15,MLD-02,Sabashahr Health Center,181,74,63,118,11,0.1486
2021-07-15,MLD-03,Vahedieh Health Center,161,98,84,77,14,0.1429
2021-07-15,MLD-04,Sadeghieh-e Malard Vaccination Center,166,67,54,112,13,0.194
2021-07-15,MLD-05,Chelab Rural Vaccination Center,115,59,47,68,12,0.2034
2021-07-16,MLD-01,Malard Central Health Center,93,37,32,61,5,0.1351
2021-07-16,MLD-02,Sabashahr Health Center,78,37,32,46,5,0.1351
2021-07-16,MLD-03,Vahedieh Health Center,67,30,26,41,4,0.1333
2021-07-16,MLD-04,Sadeghieh-e Malard Vaccination Center,66,29,25,41,4,0.1379
2021-07-16,MLD-05,Chelab Rural Vaccination Center,47,24,20,27,4,0.1667
2021-07-17,MLD-01,Malard Central Health Center,229,92,87,142,5,0.0543
2021-07-17,MLD-02,Sabashahr Health Center,251,115,100,151,15,0.1304
2021-07-17,MLD-03,Vahedieh Health Center,215,111,104,111,7,0.0631
2021-07-17,MLD-04,Sadeghieh-e Malard Vaccination Center,201,98,91,110,7,0.0714
2021-07-17,MLD-05,Chelab Rural Vaccination Center,134,73,62,72,11,0.1507
2021-07-18,MLD-01,Malard Central Health Center,263,100,85,178,15,0.15
2021-07-18,MLD-02,Sabashahr Health Center,246,126,115,131,11,0.0873
2021-07-18,MLD-03,Vahedieh Health Center,185,102,89,96,13,0.1275
2021-07-18,MLD-04,Sadeghieh-e Malard Vaccination Center,213,102,94,119,8,0.0784
2021-07-18,MLD-05,Chelab Rural Vaccination Center,135,55,49,86,6,0.1091
2021-07-19,MLD-01,Malard Central Health Center,278,78,71,207,7,0.0897
2021-07-19,MLD-02,Sabashahr Health Center,241,83,76,165,7,0.0843
2021-07-19,MLD-03,Vahedieh Health Center,203,93,83,120,10,0.1075
2021-07-19,MLD-04,Sadeghieh-e Malard Vaccination Center,199,104,91,108,13,0.125
2021-07-19,MLD-05,Chelab Rural Vaccination Center,143,64,57,86,7,0.1094
2021-07-20,MLD-01,Malard Central Health Center,272,140,122,150,18,0.1286
2021-07-20,MLD-02,Sabashahr Health Center,235,112,97,138,15,0.1339
2021-07-20,MLD-03,Vahedieh Health Center,224,88,83,141,5,0.0568
2021-07-20,MLD-04,Sadeghieh-e Malard Vaccination Center,214,116,104,110,12,0.1034
2021-07-20,MLD-05,Chelab Rural Vaccination Center,147,78,65,82,13,0.1667
2021-07-21,MLD-01,Malard Central Health Center,297,173,157,140,16,0.0925
2021-07-21,MLD-02,Sabashahr Health Center,255,139,127,128,12,0.0863
2021-07-21,MLD-03,Vahedieh Health Center,223,103,90,133,13,0.1262
2021-07-21,MLD-04,Sadeghieh-e Malard Vaccination Center,193,111,91,102,20,0.1802
2021-07-21,MLD-05,Chelab Rural Vaccination Center,148,68,61,87,7,0.1029
2021-07-22,MLD-01,Malard Central Health Center,242,106,94,148,12,0.1132
2021-07-22,MLD-02,Sabashahr Health Center,236,142,121,115,21,0.1479
2021-07-22,MLD-03,Vahedieh Health Center,196,88,73,123,15,0.1705
2021-07-22,MLD-04,Sadeghieh-e Malard Vaccination Center,188,109,88,100,21,0.1927
2021-07-22,MLD-05,Chelab Rural Vaccination Center,113,67,53,60,14,0.209
2021-07-23,MLD-01,Malard Central Health Center,121,51,48,73,3,0.0588
2021-07-23,MLD-02,Sabashahr Health Center,87,49,44,43,5,0.102
2021-07-23,MLD-03,Vahedieh Health Center,87,38,33,54,5,0.1316
2021-07-23,MLD-04,Sadeghieh-e Malard Vaccination Center,75,35,31,44,4,0.1143
2021-07-23,MLD-05,Chelab Rural Vaccination Center,46,24,22,24,2,0.0833
2021-07-24,MLD-01,Malard Central Health Center,287,130,113,174,17,0.1308
2021-07-24,MLD-02,Sabashahr Health Center,269,117,106,163,11,0.094
2021-07-24,MLD-03,Vahedieh Health Center,241,149,129,112,20,0.1342
2021-07-24,MLD-04,Sadeghieh-e Malard Vaccination Center,252,117,107,145,10,0.0855
2021-07-24,MLD-05,Chelab Rural Vaccination Center,171,84,72,99,12,0.1429
2021-07-25,MLD-01,Malard Central Health Center,281,111,94,187,17,0.1532
2021-07-25,MLD-02,Sabashahr Health Center,264,120,104,160,16,0.1333
2021-07-25,MLD-03,Vahedieh Health Center,279,116,99,180,17,0.1466
2021-07-25,MLD-04,Sadeghieh-e Malard Vaccination Center,242,117,107,135,10,0.0855
2021-07-25,MLD-05,Chelab Rural Vaccination Center,165,76,67,98,9,0.1184
2021-07-26,MLD-01,Malard Central Health Center,337,188,162,175,26,0.1383
2021-07-26,MLD-02,Sabashahr Health Center,284,144,129,155,15,0.1042
2021-07-26,MLD-03,Vahedieh Health Center,228,108,92,136,16,0.1481
2021-07-26,MLD-04,Sadeghieh-e Malard Vaccination Center,227,153,134,93,19,0.1242
2021-07-26,MLD-05,Chelab Rural Vaccination Center,170,74,68,102,6,0.0811
2021-07-27,MLD-01,Malard Central Health Center,319,129,115,204,14,0.1085
2021-07-27,MLD-02,Sabashahr Health Center,295,127,113,182,14,0.1102
2021-07-27,MLD-03,Vahedieh Health Center,256,101,93,163,8,0.0792
2021-07-27,MLD-04,Sadeghieh-e Malard Vaccination Center,208,108,96,112,12,0.1111
2021-07-27,MLD-05,Chelab Rural Vaccination Center,177,120,102,75,18,0.15
2021-07-28,MLD-01,Malard Central Health Center,340,151,137,203,14,0.0927
2021-07-28,MLD-02,Sabashahr Health Center,289,113,104,185,9,0.0796
2021-07-28,MLD-03,Vahedieh Health Center,251,139,114,137,25,0.1799
2021-07-28,MLD-04,Sadeghieh-e Malard Vaccination Center,226,92,78,148,14,0.1522
2021-07-28,MLD-05,Chelab Rural Vaccination Center,175,91,82,93,9,0.0989
2021-07-29,MLD-01,Malard Central Health Center,293,132,111,182,21,0.1591
2021-07-29,MLD-02,Sabashahr Health Center,230,105,89,141,16,0.1524
2021-07-29,MLD-03,Vahedieh Health Center,209,92,77,132,15,0.163
2021-07-29,MLD-04,Sadeghieh-e Malard Vaccination Center,207,115,97,110,18,0.1565
2021-07-29,MLD-05,Chelab Rural Vaccination Center,163,99,85,78,14,0.1414
2021-07-30,MLD-01,Malard Central Health Center,126,60,54,72,6,0.1
2021-07-30,MLD-02,Sabashahr Health Center,98,43,38,60,5,0.1163
2021-07-30,MLD-03,Vahedieh Health Center,91,52,46,45,6,0.1154
2021-07-30,MLD-04,Sadeghieh-e Malard Vaccination Center,94,45,39,55,6,0.1333
2021-07-30,MLD-05,Chelab Rural Vaccination Center,58,26,22,36,4,0.1538
2021-07-31,MLD-01,Malard Central Health Center,367,179,163,204,16,0.0894
2021-07-31,MLD-02,Sabashahr Health Center,336,148,128,208,20,0.1351
2021-07-31,MLD-03,Vahedieh Health Center,241,103,92,149,11,0.1068
2021-07-31,MLD-04,Sadeghieh-e Malard Vaccination Center,247,124,113,134,11,0.0887
2021-07-31,MLD-05,Chelab Rural Vaccination Center,215,95,83,132,12,0.1263
2021-08-01,MLD-01,Malard Central Health Center,382,172,154,228,18,0.1047
2021-08-01,MLD-02,Sabashahr Health Center,366,187,171,195,16,0.0856
2021-08-01,MLD-03,Vahedieh Health Center,264,130,114,150,16,0.1231
2021-08-01,MLD-04,Sadeghieh-e Malard Vaccination Center,267,130,106,161,24,0.1846
2021-08-01,MLD-05,Chelab Rural Vaccination Center,152,65,57,95,8,0.1231
2021-08-02,MLD-01,Malard Central Health Center,375,160,145,230,15,0.0938
2021-08-02,MLD-02,Sabashahr Health Center,316,160,140,176,20,0.125
2021-08-02,MLD-03,Vahedieh Health Center,282,149,134,148,15,0.1007
2021-08-02,MLD-04,Sadeghieh-e Malard Vaccination Center,274,137,132,142,5,0.0365
2021-08-02,MLD-05,Chelab Rural Vaccination Center,229,101,90,139,11,0.1089
2021-08-03,MLD-01,Malard Central Health Center,354,185,164,190,21,0.1135
2021-08-03,MLD-02,Sabashahr Health Center,351,172,155,196,17,0.0988
2021-08-03,MLD-03,Vahedieh Health Center,309,163,142,167,21,0.1288
2021-08-03,MLD-04,Sadeghieh-e Malard Vaccination Center,283,110,94,189,16,0.1455
2021-08-03,MLD-05,Chelab Rural Vaccination Center,213,98,89,124,9,0.0918
2021-08-04,MLD-01,Malard Central Health Center,406,189,171,235,18,0.0952
2021-08-04,MLD-02,Sabashahr Health Center,344,160,140,204,20,0.125
2021-08-04,MLD-03,Vahedieh Health Center,307,139,121,186,18,0.1295
2021-08-04,MLD-04,Sadeghieh-e Malard Vaccination Center,285,164,151,134,13,0.0793
2021-08-04,MLD-05,Chelab Rural Vaccination Center,207,107,96,111,11,0.1028
2021-08-05,MLD-01,Malard Central Health Center,383,186,155,228,31,0.1667
2021-08-05,MLD-02,Sabashahr Health Center,294,130,108,186,22,0.1692
2021-08-05,MLD-03,Vahedieh Health Center,288,166,140,148,26,0.1566
2021-08-05,MLD-04,Sadeghieh-e Malard Vaccination Center,219,86,77,142,9,0.1047
2021-08-05,MLD-05,Chelab Rural Vaccination Center,169,70,61,108,9,0.1286
2021-08-06,MLD-01,Malard Central Health Center,147,65,61,86,4,0.0615
2021-08-06,MLD-02,Sabashahr Health Center,133,76,65,68,11,0.1447
2021-08-06,MLD-03,Vahedieh Health Center,100,48,41,59,7,0.1458
2021-08-06,MLD-04,Sadeghieh-e Malard Vaccination Center,110,63,59,51,4,0.0635
2021-08-06,MLD-05,Chelab Rural Vaccination Center,75,39,35,40,4,0.1026
2021-08-07,MLD-01,Malard Central Health Center,375,183,155,220,28,0.153
2021-08-07,MLD-02,Sabashahr Health Center,428,199,179,249,20,0.1005
2021-08-07,MLD-03,Vahedieh Health Center,351,152,131,220,21,0.1382
2021-08-07,MLD-04,Sadeghieh-e Malard Vaccination Center,270,141,131,139,10,0.0709
2021-08-07,MLD-05,Chelab Rural Vaccination Center,225,104,90,135,14,0.1346
2021-08-08,MLD-01,Malard Central Health Center,459,261,231,228,30,0.1149
2021-08-08,MLD-02,Sabashahr Health Center,343,183,170,173,13,0.071
2021-08-08,MLD-03,Vahedieh Health Center,327,171,151,176,20,0.117
2021-08-08,MLD-04,Sadeghieh-e Malard Vaccination Center,344,128,113,231,15,0.1172
2021-08-08,MLD-05,Chelab Rural Vaccination Center,224,127,108,116,19,0.1496
2021-08-09,MLD-01,Malard Central Health Center,411,198,173,238,25,0.1263
2021-08-09,MLD-02,Sabashahr Health Center,431,245,218,213,27,0.1102
2021-08-09,MLD-03,Vahedieh Health Center,331,159,145,186,14,0.0881
2021-08-09,MLD-04,Sadeghieh-e Malard Vaccination Center,343,189,165,178,24,0.127
2021-08-09,MLD-05,Chelab Rural Vaccination Center,225,111,98,127,13,0.1171
2021-08-10,MLD-01,Malard Central Health Center,477,254,217,260,37,0.1457
2021-08-10,MLD-02,Sabashahr Health Center,417,202,175,242,27,0.1337
2021-08-10,MLD-03,Vahedieh Health Center,343,168,147,196,21,0.125
2021-08-10,MLD-04,Sadeghieh-e Malard Vaccination Center,312,170,156,156,14,0.0824
2021-08-10,MLD-05,Chelab Rural Vaccination Center,224,108,92,132,16,0.1481
2021-08-11,MLD-01,Malard Central Health Center,490,228,197,293,31,0.136
2021-08-11,MLD-02,Sabashahr Health Center,348,206,181,167,25,0.1214
2021-08-11,MLD-03,Vahedieh Health Center,380,210,179,201,31,0.1476
2021-08-11,MLD-04,Sadeghieh-e Malard Vaccination Center,340,162,145,195,17,0.1049
2021-08-11,MLD-05,Chelab Rural Vaccination Center,239,120,104,135,16,0.1333
2021-08-12,MLD-01,Malard Central Health Center,372,206,176,196,30,0.1456
2021-08-12,MLD-02,Sabashahr Health Center,418,218,177,241,41,0.1881
2021-08-12,MLD-03,Vahedieh Health Center,312,190,152,160,38,0.2
2021-08-12,MLD-04,Sadeghieh-e Malard Vaccination Center,280,182,152,128,30,0.1648
2021-08-12,MLD-05,Chelab Rural Vaccination Center,217,90,81,136,9,0.1
2021-08-13,MLD-01,Malard Central Health Center,201,96,87,114,9,0.0938
2021-08-13,MLD-02,Sabashahr Health Center,138,59,52,86,7,0.1186
2021-08-13,MLD-03,Vahedieh Health Center,134,87,74,60,13,0.1494
2021-08-13,MLD-04,Sadeghieh-e Malard Vaccination Center,114,60,54,60,6,0.1
2021-08-13,MLD-05,Chelab Rural Vaccination Center,91,32,29,62,3,0.0938
2021-08-14,MLD-01,Malard Central Health Center,534,231,214,320,17,0.0736
2021-08-14,MLD-02,Sabashahr Health Center,472,214,194,278,20,0.0935
2021-08-14,MLD-03,Vahedieh Health Center,376,166,149,227,17,0.1024
2021-08-14,MLD-04,Sadeghieh-e Malard Vaccination Center,360,156,139,221,17,0.109
2021-08-14,MLD-05,Chelab Rural Vaccination Center,252,100,91,161,9,0.09
2021-08-15,MLD-01,Malard Central Health Center,525,239,214,311,25,0.1046
2021-08-15,MLD-02,Sabashahr Health Center,408,230,202,206,28,0.1217
2021-08-15,MLD-03,Vahedieh Health Center,429,147,133,296,14,0.0952
2021-08-15,MLD-04,Sadeghieh-e Malard Vaccination Center,355,230,201,154,29,0.1261
2021-08-15,MLD-05,Chelab Rural Vaccination Center,312,151,135,177,16,0.106
2021-08-16,MLD-01,Malard Central Health Center,553,329,280,273,49,0.1489
2021-08-16,MLD-02,Sabashahr Health Center,398,208,186,212,22,0.1058
2021-08-16,MLD-03,Vahedieh Health Center,367,168,150,217,18,0.1071
2021-08-16,MLD-04,Sadeghieh-e Malard Vaccination Center,414,182,161,253,21,0.1154
2021-08-16,MLD-05,Chelab Rural Vaccination Center,321,152,140,181,12,0.0789
2021-08-17,MLD-01,Malard Central Health Center,527,226,207,320,19,0.0841
2021-08-17,MLD-02,Sabashahr Health Center,447,237,211,236,26,0.1097
2021-08-17,MLD-03,Vahedieh Health Center,402,230,205,197,25,0.1087
2021-08-17,MLD-04,Sadeghieh-e Malard Vaccination Center,385,189,176,209,13,0.0688
2021-08-17,MLD-05,Chelab Rural Vaccination Center,320,130,116,204,14,0.1077
2021-08-18,MLD-01,Malard Central Health Center,534,294,262,272,32,0.1088
2021-08-18,MLD-02,Sabashahr Health Center,520,283,246,274,37,0.1307
2021-08-18,MLD-03,Vahedieh Health Center,397,172,152,245,20,0.1163
2021-08-18,MLD-04,Sadeghieh-e Malard Vaccination Center,354,170,154,200,16,0.0941
2021-08-18,MLD-05,Chelab Rural Vaccination Center,290,159,132,158,27,0.1698
2021-08-19,MLD-01,Malard Central Health Center,502,317,265,237,52,0.164
2021-08-19,MLD-02,Sabashahr Health Center,400,187,170,230,17,0.0909
2021-08-19,MLD-03,Vahedieh Health Center,357,226,199,158,27,0.1195
2021-08-19,MLD-04,Sadeghieh-e Malard Vaccination Center,340,160,137,203,23,0.1438
2021-08-19,MLD-05,Chelab Rural Vaccination Center,246,164,136,110,28,0.1707
2021-08-20,MLD-01,Malard Central Health Center,208,100,96,112,4,0.04
2021-08-20,MLD-02,Sabashahr Health Center,172,91,79,93,12,0.1319
2021-08-20,MLD-03,Vahedieh Health Center,137,78,70,67,8,0.1026
2021-08-20,MLD-04,Sadeghieh-e Malard Vaccination Center,149,70,63,86,7,0.1
2021-08-20,MLD-05,Chelab Rural Vaccination Center,106,58,51,55,7,0.1207
2021-08-21,MLD-01,Malard Central Health Center,621,321,275,346,46,0.1433
2021-08-21,MLD-02,Sabashahr Health Center,453,266,222,231,44,0.1654
2021-08-21,MLD-03,Vahedieh Health Center,430,197,176,254,21,0.1066
2021-08-21,MLD-04,Sadeghieh-e Malard Vaccination Center,465,223,205,260,18,0.0807
2021-08-21,MLD-05,Chelab Rural Vaccination Center,307,177,163,144,14,0.0791
2021-08-22,MLD-01,Malard Central Health Center,583,242,213,370,29,0.1198
2021-08-22,MLD-02,Sabashahr Health Center,559,318,281,278,37,0.1164
2021-08-22,MLD-03,Vahedieh Health Center,426,204,180,246,24,0.1176
2021-08-22,MLD-04,Sadeghieh-e Malard Vaccination Center,426,272,242,184,30,0.1103
2021-08-22,MLD-05,Chelab Rural Vaccination Center,310,151,141,169,10,0.0662
2021-08-23,MLD-01,Malard Central Health Center,594,350,306,288,44,0.1257
2021-08-23,MLD-02,Sabashahr Health Center,513,292,242,271,50,0.1712
2021-08-23,MLD-03,Vahedieh Health Center,448,265,218,230,47,0.1774
2021-08-23,MLD-04,Sadeghieh-e Malard Vaccination Center,467,238,222,245,16,0.0672
2021-08-23,MLD-05,Chelab Rural Vaccination Center,329,144,126,203,18,0.125
2021-08-24,MLD-01,Malard Central Health Center,636,315,290,346,25,0.0794
2021-08-24,MLD-02,Sabashahr Health Center,548,285,253,295,32,0.1123
2021-08-24,MLD-03,Vahedieh Health Center,441,242,218,223,24,0.0992
2021-08-24,MLD-04,Sadeghieh-e Malard Vaccination Center,427,249,215,212,34,0.1365
2021-08-24,MLD-05,Chelab Rural Vaccination Center,341,190,173,168,17,0.0895
2021-08-25,MLD-01,Malard Central Health Center,618,288,252,366,36,0.125
2021-08-25,MLD-02,Sabashahr Health Center,518,227,210,308,17,0.0749
2021-08-25,MLD-03,Vahedieh Health Center,508,253,224,284,29,0.1146
2021-08-25,MLD-04,Sadeghieh-e Malard Vaccination Center,394,190,171,223,19,0.1
2021-08-25,MLD-05,Chelab Rural Vaccination Center,359,188,163,196,25,0.133
2021-08-26,MLD-01,Malard Central Health Center,548,312,257,291,55,0.1763
2021-08-26,MLD-02,Sabashahr Health Center,480,260,210,270,50,0.1923
2021-08-26,MLD-03,Vahedieh Health Center,383,191,166,217,25,0.1309
2021-08-26,MLD-04,Sadeghieh-e Malard Vaccination Center,422,245,190,232,55,0.2245
2021-08-26,MLD-05,Chelab Rural Vaccination Center,275,174,141,134,33,0.1897
2021-08-27,MLD-01,Malard Central Health Center,213,114,98,115,16,0.1404
2021-08-27,MLD-02,Sabashahr Health Center,216,121,113,103,8,0.0661
2021-08-27,MLD-03,Vahedieh Health Center,157,100,86,71,14,0.14
2021-08-27,MLD-04,Sadeghieh-e Malard Vaccination Center,163,91,78,85,13,0.1429
2021-08-27,MLD-05,Chelab Rural Vaccination Center,128,70,62,66,8,0.1143
2021-08-28,MLD-01,Malard Central Health Center,748,314,298,450,16,0.051
2021-08-28,MLD-02,Sabashahr Health Center,550,267,238,312,29,0.1086
2021-08-28,MLD-03,Vahedieh Health Center,513,233,222,291,11,0.0472
2021-08-28,MLD-04,Sadeghieh-e Malard Vaccination Center,410,237,208,202,29,0.1224
2021-08-28,MLD-05,Chelab Rural Vaccination Center,296,162,143,153,19,0.1173
2021-08-29,MLD-01,Malard Central Health Center,624,336,299,325,37,0.1101
2021-08-29,MLD-02,Sabashahr Health Center,615,329,287,328,42,0.1277
2021-08-29,MLD-03,Vahedieh Health Center,533,292,254,279,38,0.1301
2021-08-29,MLD-04,Sadeghieh-e Malard Vaccination Center,484,233,216,268,17,0.073
2021-08-29,MLD-05,Chelab Rural Vaccination Center,318,192,169,149,23,0.1198
2021-08-30,MLD-01,Malard Central Health Center,652,324,275,377,49,0.1512
2021-08-30,MLD-02,Sabashahr Health Center,654,355,319,335,36,0.1014
2021-08-30,MLD-03,Vahedieh Health Center,492,250,219,273,31,0.124
2021-08-30,MLD-04,Sadeghieh-e Malard Vaccination Center,470,230,206,264,24,0.1043
2021-08-30,MLD-05,Chelab Rural Vaccination Center,343,176,155,188,21,0.1193
2021-08-31,MLD-01,Malard Central Health Center,641,313,279,362,34,0.1086
2021-08-31,MLD-02,Sabashahr Health Center,667,389,354,313,35,0.09
2021-08-31,MLD-03,Vahedieh Health Center,492,251,211,281,40,0.1594
2021-08-31,MLD-04,Sadeghieh-e Malard Vaccination Center,454,258,228,226,30,0.1163
2021-08-31,MLD-05,Chelab Rural Vaccination Center,384,199,180,204,19,0.0955
2021-09-01,MLD-01,Malard Central Health Center,743,384,346,397,38,0.099
2021-09-01,MLD-02,Sabashahr Health Center,623,346,313,310,33,0.0954
2021-09-01,MLD-03,Vahedieh Health Center,512,265,230,282,35,0.1321
2021-09-01,MLD-04,Sadeghieh-e Malard Vaccination Center,429,223,202,227,21,0.0942
2021-09-01,MLD-05,Chelab Rural Vaccination Center,349,175,157,192,18,0.1029
2021-09-02,MLD-01,Malard Central Health Center,587,300,231,356,69,0.23
2021-09-02,MLD-02,Sabashahr Health Center,512,235,195,317,40,0.1702
2021-09-02,MLD-03,Vahedieh Health Center,466,221,192,274,29,0.1312
2021-09-02,MLD-04,Sadeghieh-e Malard Vaccination Center,363,208,172,191,36,0.1731
2021-09-02,MLD-05,Chelab Rural Vaccination Center,296,180,156,140,24,0.1333
2021-09-03,MLD-01,Malard Central Health Center,221,137,118,103,19,0.1387
2021-09-03,MLD-02,Sabashahr Health Center,228,135,124,104,11,0.0815
2021-09-03,MLD-03,Vahedieh Health Center,171,92,83,88,9,0.0978
2021-09-03,MLD-04,Sadeghieh-e Malard Vaccination Center,179,89,82,97,7,0.0787
2021-09-03,MLD-05,Chelab Rural Vaccination Center,117,68,61,56,7,0.1029
2021-09-04,MLD-01,Malard Central Health Center,760,323,293,467,30,0.0929
2021-09-04,MLD-02,Sabashahr Health Center,551,282,268,283,14,0.0496
2021-09-04,MLD-03,Vahedieh Health Center,486,277,245,241,32,0.1155
2021-09-04,MLD-04,Sadeghieh-e Malard Vaccination Center,509,201,182,327,19,0.0945
2021-09-04,MLD-05,Chelab Rural Vaccination Center,308,135,118,190,17,0.1259
2021-09-05,MLD-01,Malard Central Health Center,755,453,385,370,68,0.1501
2021-09-05,MLD-02,Sabashahr Health Center,615,285,256,359,29,0.1018
2021-09-05,MLD-03,Vahedieh Health Center,462,217,198,264,19,0.0876
2021-09-05,MLD-04,Sadeghieh-e Malard Vaccination Center,479,204,184,295,20,0.098
2021-09-05,MLD-05,Chelab Rural Vaccination Center,352,217,195,157,22,0.1014
2021-09-06,MLD-01,Malard Central Health Center,668,380,335,333,45,0.1184
2021-09-06,MLD-02,Sabashahr Health Center,585,341,302,283,39,0.1144
2021-09-06,MLD-03,Vahedieh Health Center,563,269,241,322,28,0.1041
2021-09-06,MLD-04,Sadeghieh-e Malard Vaccination Center,495,261,218,277,43,0.1648
2021-09-06,MLD-05,Chelab Rural Vaccination Center,374,196,176,198,20,0.102
2021-09-07,MLD-01,Malard Central Health Center,656,438,392,264,46,0.105
2021-09-07,MLD-02,Sabashahr Health Center,618,255,238,380,17,0.0667
2021-09-07,MLD-03,Vahedieh Health Center,595,329,284,311,45,0.1368
2021-09-07,MLD-04,Sadeghieh-e Malard Vaccination Center,536,292,263,273,29,0.0993
2021-09-07,MLD-05,Chelab Rural Vaccination Center,315,185,163,152,22,0.1189
2021-09-08,MLD-01,Malard Central Health Center,769,403,352,417,51,0.1266
2021-09-08,MLD-02,Sabashahr Health Center,603,397,363,240,34,0.0856
2021-09-08,MLD-03,Vahedieh Health Center,445,248,237,208,11,0.0444
2021-09-08,MLD-04,Sadeghieh-e Malard Vaccination Center,500,218,185,315,33,0.1514
2021-09-08,MLD-05,Chelab Rural Vaccination Center,414,202,173,241,29,0.1436
2021-09-09,MLD-01,Malard Central Health Center,663,397,346,317,51,0.1285
2021-09-09,MLD-02,Sabashahr Health Center,475,222,185,290,37,0.1667
2021-09-09,MLD-03,Vahedieh Health Center,429,249,205,224,44,0.1767
2021-09-09,MLD-04,Sadeghieh-e Malard Vaccination Center,421,216,175,246,41,0.1898
2021-09-09,MLD-05,Chelab Rural Vaccination Center,363,253,207,156,46,0.1818
2021-09-10,MLD-01,Malard Central Health Center,271,122,109,162,13,0.1066
2021-09-10,MLD-02,Sabashahr Health Center,220,119,105,115,14,0.1176
2021-09-10,MLD-03,Vahedieh Health Center,186,89,78,108,11,0.1236
2021-09-10,MLD-04,Sadeghieh-e Malard Vaccination Center,164,93,81,83,12,0.129
2021-09-10,MLD-05,Chelab Rural Vaccination Center,131,69,59,72,10,0.1449
2021-09-11,MLD-01,Malard Central Health Center,745,414,362,383,52,0.1256
2021-09-11,MLD-02,Sabashahr Health Center,669,355,322,347,33,0.093
2021-09-11,MLD-03,Vahedieh Health Center,494,284,246,248,38,0.1338
2021-09-11,MLD-04,Sadeghieh-e Malard Vaccination Center,459,251,209,250,42,0.1673
2021-09-11,MLD-05,Chelab Rural Vaccination Center,426,220,190,236,30,0.1364
2021-09-12,MLD-01,Malard Central Health Center,700,373,319,381,54,0.1448
2021-09-12,MLD-02,Sabashahr Health Center,694,444,404,290,40,0.0901
2021-09-12,MLD-03,Vahedieh Health Center,503,303,274,229,29,0.0957
2021-09-12,MLD-04,Sadeghieh-e Malard Vaccination Center,486,250,226,260,24,0.096
2021-09-12,MLD-05,Chelab Rural Vaccination Center,432,182,169,263,13,0.0714
2021-09-13,MLD-01,Malard Central Health Center,818,435,389,429,46,0.1057
2021-09-13,MLD-02,Sabashahr Health Center,605,285,252,353,33,0.1158
2021-09-13,MLD-03,Vahedieh Health Center,522,274,241,281,33,0.1204
2021-09-13,MLD-04,Sadeghieh-e Malard Vaccination Center,462,235,202,260,33,0.1404
2021-09-13,MLD-05,Chelab Rural Vaccination Center,430,235,216,214,19,0.0809
2021-09-14,MLD-01,Malard Central Health Center,841,400,356,485,44,0.11
2021-09-14,MLD-02,Sabashahr Health Center,621,312,285,336,27,0.0865
2021-09-14,MLD-03,Vahedieh Health Center,580,327,272,308,55,0.1682
2021-09-14,MLD-04,Sadeghieh-e Malard Vaccination Center,536,231,216,320,15,0.0649
2021-09-14,MLD-05,Chelab Rural Vaccination Center,350,167,152,198,15,0.0898
2021-09-15,MLD-01,Malard Central Health Center,777,482,407,370,75,0.1556
2021-09-15,MLD-02,Sabashahr Health Center,541,287,245,296,42,0.1463
2021-09-15,MLD-03,Vahedieh Health Center,652,351,314,338,37,0.1054
2021-09-15,MLD-04,Sadeghieh-e Malard Vaccination Center,527,288,248,279,40,0.1389
2021-09-15,MLD-05,Chelab Rural Vaccination Center,418,231,203,215,28,0.1212
2021-09-16,MLD-01,Malard Central Health Center,641,451,358,283,93,0.2062
2021-09-16,MLD-02,Sabashahr Health Center,542,300,257,285,43,0.1433
2021-09-16,MLD-03,Vahedieh Health Center,465,264,218,247,46,0.1742
2021-09-16,MLD-04,Sadeghieh-e Malard Vaccination Center,518,314,265,253,49,0.1561
2021-09-16,MLD-05,Chelab Rural Vaccination Center,287,193,159,128,34,0.1762
2021-09-17,MLD-01,Malard Central Health Center,269,132,118,151,14,0.1061
2021-09-17,MLD-02,Sabashahr Health Center,219,114,101,118,13,0.114
2021-09-17,MLD-03,Vahedieh Health Center,195,113,97,98,16,0.1416
2021-09-17,MLD-04,Sadeghieh-e Malard Vaccination Center,203,129,111,92,18,0.1395
2021-09-17,MLD-05,Chelab Rural Vaccination Center,133,58,53,80,5,0.0862
2021-09-18,MLD-01,Malard Central Health Center,807,389,331,476,58,0.1491
2021-09-18,MLD-02,Sabashahr Health Center,634,331,293,341,38,0.1148
2021-09-18,MLD-03,Vahedieh Health Center,590,286,252,338,34,0.1189
2021-09-18,MLD-04,Sadeghieh-e Malard Vaccination Center,529,266,241,288,25,0.094
2021-09-18,MLD-05,Chelab Rural Vaccination Center,350,161,148,202,13,0.0807
2021-09-19,MLD-01,Malard Central Health Center,787,368,331,456,37,0.1005
2021-09-19,MLD-02,Sabashahr Health Center,731,313,290,441,23,0.0735
2021-09-19,MLD-03,Vahedieh Health Center,537,205,199,338,6,0.0293
2021-09-19,MLD-04,Sadeghieh-e Malard Vaccination Center,417,246,226,191,20,0.0813
2021-09-19,MLD-05,Chelab Rural Vaccination Center,395,195,172,223,23,0.1179
2021-09-20,MLD-01,Malard Central Health Center,820,485,421,399,64,0.132
2021-09-20,MLD-02,Sabashahr Health Center,585,279,252,333,27,0.0968
2021-09-20,MLD-03,Vahedieh Health Center,565,288,263,302,25,0.0868
2021-09-20,MLD-04,Sadeghieh-e Malard Vaccination Center,511,292,282,229,10,0.0342
2021-09-20,MLD-05,Chelab Rural Vaccination Center,379,223,193,186,30,0.1345
2021-09-21,MLD-01,Malard Central Health Center,764,293,255,509,38,0.1297
2021-09-21,MLD-02,Sabashahr Health Center,700,417,369,331,48,0.1151
2021-09-21,MLD-03,Vahedieh Health Center,487,280,256,231,24,0.0857
2021-09-21,MLD-04,Sadeghieh-e Malard Vaccination Center,574,317,276,298,41,0.1293
2021-09-21,MLD-05,Chelab Rural Vaccination Center,429,202,172,257,30,0.1485
2021-09-22,MLD-01,Malard Central Health Center,785,394,361,424,33,0.0838
2021-09-22,MLD-02,Sabashahr Health Center,681,373,339,342,34,0.0912
2021-09-22,MLD-03,Vahedieh Health Center,529,345,300,229,45,0.1304
2021-09-22,MLD-04,Sadeghieh-e Malard Vaccination Center,578,337,310,268,27,0.0801
2021-09-22,MLD-05,Chelab Rural Vaccination Center,376,186,165,211,21,0.1129
2021-09-23,MLD-01,Malard Central Health Center,619,378,301,318,77,0.2037
2021-09-23,MLD-02,Sabashahr Health Center,561,341,284,277,57,0.1672
2021-09-23,MLD-03,Vahedieh Health Center,449,261,228,221,33,0.1264
2021-09-23,MLD-04,Sadeghieh-e Malard Vaccination Center,468,266,222,246,44,0.1654
2021-09-23,MLD-05,Chelab Rural Vaccination Center,383,223,193,190,30,0.1345
2021-09-24,MLD-01,Malard Central Health Center,283,162,147,136,15,0.0926
2021-09-24,MLD-02,Sabashahr Health Center,243,137,124,119,13,0.0949
2021-09-24,MLD-03,Vahedieh Health Center,190,113,99,91,14,0.1239
2021-09-24,MLD-04,Sadeghieh-e Malard Vaccination Center,193,90,78,115,12,0.1333
2021-09-24,MLD-05,Chelab Rural Vaccination Center,145,79,65,80,14,0.1772
2021-09-25,MLD-01,Malard Central Health Center,848,519,457,391,62,0.1195
2021-09-25,MLD-02,Sabashahr Health Center,674,372,336,338,36,0.0968
2021-09-25,MLD-03,Vahedieh Health Center,583,350,318,265,32,0.0914
2021-09-25,MLD-04,Sadeghieh-e Malard Vaccination Center,494,317,279,215,38,0.1199
2021-09-25,MLD-05,Chelab Rural Vaccination Center,398,244,222,176,22,0.0902
2021-09-26,MLD-01,Malard Central Health Center,767,376,322,445,54,0.1436
2021-09-26,MLD-02,Sabashahr Health Center,701,368,338,363,30,0.0815
2021-09-26,MLD-03,Vahedieh Health Center,615,322,292,323,30,0.0932
2021-09-26,MLD-04,Sadeghieh-e Malard Vaccination Center,601,302,258,343,44,0.1457
2021-09-26,MLD-05,Chelab Rural Vaccination Center,425,206,185,240,21,0.1019
2021-09-27,MLD-01,Malard Central Health Center,776,452,384,392,68,0.1504
2021-09-27,MLD-02,Sabashahr Health Center,820,404,377,443,27,0.0668
2021-09-27,MLD-03,Vahedieh Health Center,569,312,283,286,29,0.0929
2021-09-27,MLD-04,Sadeghieh-e Malard Vaccination Center,553,340,304,249,36,0.1059
2021-09-27,MLD-05,Chelab Rural Vaccination Center,393,254,219,174,35,0.1378
2021-09-28,MLD-01,Malard Central Health Center,776,399,367,409,32,0.0802
2021-09-28,MLD-02,Sabashahr Health Center,644,398,362,282,36,0.0905
2021-09-28,MLD-03,Vahedieh Health Center,691,348,316,375,32,0.092
2021-09-28,MLD-04,Sadeghieh-e Malard Vaccination Center,577,304,277,300,27,0.0888
2021-09-28,MLD-05,Chelab Rural Vaccination Center,492,244,221,271,23,0.0943
2021-09-29,MLD-01,Malard Central Health Center,733,442,395,338,47,0.1063
2021-09-29,MLD-02,Sabashahr Health Center,736,515,436,300,79,0.1534
2021-09-29,MLD-03,Vahedieh Health Center,635,357,318,317,39,0.1092
2021-09-29,MLD-04,Sadeghieh-e Malard Vaccination Center,611,343,304,307,39,0.1137
2021-09-29,MLD-05,Chelab Rural Vaccination Center,468,224,192,276,32,0.1429
2021-09-30,MLD-01,Malard Central Health Center,718,358,298,420,60,0.1676
2021-09-30,MLD-02,Sabashahr Health Center,629,353,298,331,55,0.1558
2021-09-30,MLD-03,Vahedieh Health Center,511,236,201,310,35,0.1483
2021-09-30,MLD-04,Sadeghieh-e Malard Vaccination Center,512,340,276,236,64,0.1882
2021-09-30,MLD-05,Chelab Rural Vaccination Center,357,200,171,186,29,0.145
2021-10-01,MLD-01,Malard Central Health Center,299,154,130,169,24,0.1558
2021-10-01,MLD-02,Sabashahr Health Center,253,143,134,119,9,0.0629
2021-10-01,MLD-03,Vahedieh Health Center,205,93,86,119,7,0.0753
2021-10-01,MLD-04,Sadeghieh-e Malard Vaccination Center,205,138,120,85,18,0.1304
2021-10-01,MLD-05,Chelab Rural Vaccination Center,163,108,99,64,9,0.0833
2021-10-02,MLD-01,Malard Central Health Center,771,464,417,354,47,0.1013
2021-10-02,MLD-02,Sabashahr Health Center,751,419,359,392,60,0.1432
2021-10-02,MLD-03,Vahedieh Health Center,650,340,296,354,44,0.1294
2021-10-02,MLD-04,Sadeghieh-e Malard Vaccination Center,656,418,380,276,38,0.0909
2021-10-02,MLD-05,Chelab Rural Vaccination Center,393,204,174,219,30,0.1471
2021-10-03,MLD-01,Malard Central Health Center,844,457,405,439,52,0.1138
2021-10-03,MLD-02,Sabashahr Health Center,758,417,362,396,55,0.1319
2021-10-03,MLD-03,Vahedieh Health Center,652,323,290,362,33,0.1022
2021-10-03,MLD-04,Sadeghieh-e Malard Vaccination Center,591,339,307,284,32,0.0944
2021-10-03,MLD-05,Chelab Rural Vaccination Center,396,197,186,210,11,0.0558
2021-10-04,MLD-01,Malard Central Health Center,903,377,347,556,30,0.0796
2021-10-04,MLD-02,Sabashahr Health Center,733,425,382,351,43,0.1012
2021-10-04,MLD-03,Vahedieh Health Center,657,427,365,292,62,0.1452
2021-10-04,MLD-04,Sadeghieh-e Malard Vaccination Center,554,290,273,281,17,0.0586
2021-10-04,MLD-05,Chelab Rural Vaccination Center,422,252,229,193,23,0.0913
2021-10-05,MLD-01,Malard Central Health Center,783,403,378,405,25,0.062
2021-10-05,MLD-02,Sabashahr Health Center,765,427,378,387,49,0.1148
2021-10-05,MLD-03,Vahedieh Health Center,663,367,315,348,52,0.1417
2021-10-05,MLD-04,Sadeghieh-e Malard Vaccination Center,623,345,309,314,36,0.1043
2021-10-05,MLD-05,Chelab Rural Vaccination Center,453,293,253,200,40,0.1365
2021-10-06,MLD-01,Malard Central Health Center,876,466,426,450,40,0.0858
2021-10-06,MLD-02,Sabashahr Health Center,656,369,337,319,32,0.0867
2021-10-06,MLD-03,Vahedieh Health Center,614,348,315,299,33,0.0948
2021-10-06,MLD-04,Sadeghieh-e Malard Vaccination Center,659,369,323,336,46,0.1247
2021-10-06,MLD-05,Chelab Rural Vaccination Center,496,289,249,247,40,0.1384
2021-10-07,MLD-01,Malard Central Health Center,750,404,340,410,64,0.1584
2021-10-07,MLD-02,Sabashahr Health Center,608,355,284,324,71,0.2
2021-10-07,MLD-03,Vahedieh Health Center,501,187,163,338,24,0.1283
2021-10-07,MLD-04,Sadeghieh-e Malard Vaccination Center,547,328,266,281,62,0.189
2021-10-07,MLD-05,Chelab Rural Vaccination Center,391,204,178,213,26,0.1275
2021-10-08,MLD-01,Malard Central Health Center,285,151,138,147,13,0.0861
2021-10-08,MLD-02,Sabashahr Health Center,248,126,115,133,11,0.0873
2021-10-08,MLD-03,Vahedieh Health Center,249,134,114,135,20,0.1493
2021-10-08,MLD-04,Sadeghieh-e Malard Vaccination Center,222,127,120,102,7,0.0551
2021-10-08,MLD-05,Chelab Rural Vaccination Center,152,77,66,86,11,0.1429
2021-10-09,MLD-01,Malard Central Health Center,1028,561,504,524,57,0.1016
2021-10-09,MLD-02,Sabashahr Health Center,689,386,335,354,51,0.1321
2021-10-09,MLD-03,Vahedieh Health Center,612,332,322,290,10,0.0301
2021-10-09,MLD-04,Sadeghieh-e Malard Vaccination Center,611,395,333,278,62,0.157
2021-10-09,MLD-05,Chelab Rural Vaccination Center,429,211,192,237,19,0.09
2021-10-10,MLD-01,Malard Central Health Center,913,467,395,518,72,0.1542
2021-10-10,MLD-02,Sabashahr Health Center,712,416,344,368,72,0.1731
2021-10-10,MLD-03,Vahedieh Health Center,727,369,321,406,48,0.1301
2021-10-10,MLD-04,Sadeghieh-e Malard Vaccination Center,576,356,309,267,47,0.132
2021-10-10,MLD-05,Chelab Rural Vaccination Center,415,235,210,205,25,0.1064
2021-10-11,MLD-01,Malard Central Health Center,796,468,406,390,62,0.1325
2021-10-11,MLD-02,Sabashahr Health Center,772,440,416,356,24,0.0545
2021-10-11,MLD-03,Vahedieh Health Center,668,351,322,346,29,0.0826
2021-10-11,MLD-04,Sadeghieh-e Malard Vaccination Center,606,357,325,281,32,0.0896
2021-10-11,MLD-05,Chelab Rural Vaccination Center,511,276,263,248,13,0.0471
2021-10-12,MLD-01,Malard Central Health Center,846,509,466,380,43,0.0845
2021-10-12,MLD-02,Sabashahr Health Center,766,472,412,354,60,0.1271
2021-10-12,MLD-03,Vahedieh Health Center,648,321,288,360,33,0.1028
2021-10-12,MLD-04,Sadeghieh-e Malard Vaccination Center,648,334,303,345,31,0.0928
2021-10-12,MLD-05,Chelab Rural Vaccination Center,487,243,227,260,16,0.0658
2021-10-13,MLD-01,Malard Central Health Center,871,556,492,379,64,0.1151
2021-10-13,MLD-02,Sabashahr Health Center,869,497,437,432,60,0.1207
2021-10-13,MLD-03,Vahedieh Health Center,675,384,341,334,43,0.112
2021-10-13,MLD-04,Sadeghieh-e Malard Vaccination Center,564,364,323,241,41,0.1126
2021-10-13,MLD-05,Chelab Rural Vaccination Center,430,218,194,236,24,0.1101
2021-10-14,MLD-01,Malard Central Health Center,797,472,394,403,78,0.1653
2021-10-14,MLD-02,Sabashahr Health Center,688,427,352,336,75,0.1756
2021-10-14,MLD-03,Vahedieh Health Center,552,299,238,314,61,0.204
2021-10-14,MLD-04,Sadeghieh-e Malard Vaccination Center,479,257,220,259,37,0.144
2021-10-14,MLD-05,Chelab Rural Vaccination Center,406,278,232,174,46,0.1655
2021-10-15,MLD-01,Malard Central Health Center,285,165,150,135,15,0.0909
2021-10-15,MLD-02,Sabashahr Health Center,262,152,140,122,12,0.0789
2021-10-15,MLD-03,Vahedieh Health Center,234,122,115,119,7,0.0574
2021-10-15,MLD-04,Sadeghieh-e Malard Vaccination Center,239,146,129,110,17,0.1164
2021-10-15,MLD-05,Chelab Rural Vaccination Center,168,108,96,72,12,0.1111
2021-10-16,MLD-01,Malard Central Health Center,861,557,475,386,82,0.1472
2021-10-16,MLD-02,Sabashahr Health Center,843,481,440,403,41,0.0852
2021-10-16,MLD-03,Vahedieh Health Center,663,368,330,333,38,0.1033
2021-10-16,MLD-04,Sadeghieh-e Malard Vaccination Center,571,347,320,251,27,0.0778
2021-10-16,MLD-05,Chelab Rural Vaccination Center,465,245,216,249,29,0.1184
2021-10-17,MLD-01,Malard Central Health Center,839,564,523,316,41,0.0727
2021-10-17,MLD-02,Sabashahr Health Center,846,544,507,339,37,0.068
2021-10-17,MLD-03,Vahedieh Health Center,769,498,451,318,47,0.0944
2021-10-17,MLD-04,Sadeghieh-e Malard Vaccination Center,538,326,298,240,28,0.0859
2021-10-17,MLD-05,Chelab Rural Vaccination Center,401,217,196,205,21,0.0968
2021-10-18,MLD-01,Malard Central Health Center,888,500,447,441,53,0.106
2021-10-18,MLD-02,Sabashahr Health Center,794,421,380,414,41,0.0974
2021-10-18,MLD-03,Vahedieh Health Center,619,410,369,250,41,0.1
2021-10-18,MLD-04,Sadeghieh-e Malard Vaccination Center,668,382,364,304,18,0.0471
2021-10-18,MLD-05,Chelab Rural Vaccination Center,417,244,221,196,23,0.0943
2021-10-19,MLD-01,Malard Central Health Center,932,507,457,475,50,0.0986
2021-10-19,MLD-02,Sabashahr Health Center,767,484,439,328,45,0.093
2021-10-19,MLD-03,Vahedieh Health Center,564,320,297,267,23,0.0719
2021-10-19,MLD-04,Sadeghieh-e Malard Vaccination Center,686,391,353,333,38,0.0972
2021-10-19,MLD-05,Chelab Rural Vaccination Center,489,270,246,243,24,0.0889
2021-10-20,MLD-01,Malard Central Health Center,826,494,438,388,56,0.1134
2021-10-20,MLD-02,Sabashahr Health Center,841,528,442,399,86,0.1629
2021-10-20,MLD-03,Vahedieh Health Center,609,471,420,189,51,0.1083
2021-10-20,MLD-04,Sadeghieh-e Malard Vaccination Center,667,404,359,308,45,0.1114
2021-10-20,MLD-05,Chelab Rural Vaccination Center,485,324,279,206,45,0.1389
2021-10-21,MLD-01,Malard Central Health Center,718,503,448,270,55,0.1093
2021-10-21,MLD-02,Sabashahr Health Center,669,466,396,273,70,0.1502
2021-10-21,MLD-03,Vahedieh Health Center,631,337,287,344,50,0.1484
2021-10-21,MLD-04,Sadeghieh-e Malard Vaccination Center,523,342,268,255,74,0.2164
2021-10-21,MLD-05,Chelab Rural Vaccination Center,381,223,203,178,20,0.0897
2021-10-22,MLD-01,Malard Central Health Center,323,170,152,171,18,0.1059
2021-10-22,MLD-02,Sabashahr Health Center,247,140,131,116,9,0.0643
2021-10-22,MLD-03,Vahedieh Health Center,228,145,125,103,20,0.1379
2021-10-22,MLD-04,Sadeghieh-e Malard Vaccination Center,212,113,101,111,12,0.1062
2021-10-22,MLD-05,Chelab Rural Vaccination Center,172,117,104,68,13,0.1111
2021-10-23,MLD-01,Malard Central Health Center,789,576,514,275,62,0.1076
2021-10-23,MLD-02,Sabashahr Health Center,824,457,378,446,79,0.1729
2021-10-23,MLD-03,Vahedieh Health Center,685,355,322,363,33,0.093
2021-10-23,MLD-04,Sadeghieh-e Malard Vaccination Center,684,264,237,447,27,0.1023
2021-10-23,MLD-05,Chelab Rural Vaccination Center,458,252,231,227,21,0.0833
2021-10-24,MLD-01,Malard Central Health Center,922,541,519,403,22,0.0407
2021-10-24,MLD-02,Sabashahr Health Center,744,472,425,319,47,0.0996
2021-10-24,MLD-03,Vahedieh Health Center,670,343,303,367,40,0.1166
2021-10-24,MLD-04,Sadeghieh-e Malard Vaccination Center,603,383,342,261,41,0.107
2021-10-24,MLD-05,Chelab Rural Vaccination Center,531,316,278,253,38,0.1203
2021-10-25,MLD-01,Malard Central Health Center,887,501,437,450,64,0.1277
2021-10-25,MLD-02,Sabashahr Health Center,756,555,501,255,54,0.0973
2021-10-25,MLD-03,Vahedieh Health Center,660,364,337,323,27,0.0742
2021-10-25,MLD-04,Sadeghieh-e Malard Vaccination Center,670,396,360,310,36,0.0909
2021-10-25,MLD-05,Chelab Rural Vaccination Center,492,287,261,231,26,0.0906
2021-10-26,MLD-01,Malard Central Health Center,858,481,429,429,52,0.1081
2021-10-26,MLD-02,Sabashahr Health Center,780,412,371,409,41,0.0995
2021-10-26,MLD-03,Vahedieh Health Center,670,487,389,281,98,0.2012
2021-10-26,MLD-04,Sadeghieh-e Malard Vaccination Center,674,443,397,277,46,0.1038
2021-10-26,MLD-05,Chelab Rural Vaccination Center,469,327,295,174,32,0.0979
2021-10-27,MLD-01,Malard Central Health Center,871,512,465,406,47,0.0918
2021-10-27,MLD-02,Sabashahr Health Center,802,462,411,391,51,0.1104
2021-10-27,MLD-03,Vahedieh Health Center,616,391,325,291,66,0.1688
2021-10-27,MLD-04,Sadeghieh-e Malard Vaccination Center,661,375,338,323,37,0.0987
2021-10-27,MLD-05,Chelab Rural Vaccination Center,522,286,238,284,48,0.1678
2021-10-28,MLD-01,Malard Central Health Center,823,436,378,445,58,0.133
2021-10-28,MLD-02,Sabashahr Health Center,634,339,289,345,50,0.1475
2021-10-28,MLD-03,Vahedieh Health Center,635,430,356,279,74,0.1721
2021-10-28,MLD-04,Sadeghieh-e Malard Vaccination Center,501,355,282,219,73,0.2056
2021-10-28,MLD-05,Chelab Rural Vaccination Center,391,236,200,191,36,0.1525
2021-10-29,MLD-01,Malard Central Health Center,350,196,170,180,26,0.1327
2021-10-29,MLD-02,Sabashahr Health Center,266,160,146,120,14,0.0875
2021-10-29,MLD-03,Vahedieh Health Center,229,145,133,96,12,0.0828
2021-10-29,MLD-04,Sadeghieh-e Malard Vaccination Center,212,114,108,104,6,0.0526
2021-10-29,MLD-05,Chelab Rural Vaccination Center,192,125,108,84,17,0.136
2021-10-30,MLD-01,Malard Central Health Center,846,499,457,389,42,0.0842
2021-10-30,MLD-02,Sabashahr Health Center,739,444,398,341,46,0.1036
2021-10-30,MLD-03,Vahedieh Health Center,767,487,468,299,19,0.039
2021-10-30,MLD-04,Sadeghieh-e Malard Vaccination Center,672,419,380,292,39,0.0931
2021-10-30,MLD-05,Chelab Rural Vaccination Center,561,315,282,279,33,0.1048
2021-10-31,MLD-01,Malard Central Health Center,956,569,497,459,72,0.1265
2021-10-31,MLD-02,Sabashahr Health Center,738,480,429,309,51,0.1062
2021-10-31,MLD-03,Vahedieh Health Center,695,421,381,314,40,0.095
2021-10-31,MLD-04,Sadeghieh-e Malard Vaccination Center,708,439,400,308,39,0.0888
2021-10-31,MLD-05,Chelab Rural Vaccination Center,480,291,271,209,20,0.0687
2021-11-01,MLD-01,Malard Central Health Center,936,618,524,412,94,0.1521
2021-11-01,MLD-02,Sabashahr Health Center,826,529,459,367,70,0.1323
2021-11-01,MLD-03,Vahedieh Health Center,686,414,355,331,59,0.1425
2021-11-01,MLD-04,Sadeghieh-e Malard Vaccination Center,676,431,369,307,62,0.1439
2021-11-01,MLD-05,Chelab Rural Vaccination Center,478,330,285,193,45,0.1364
2021-11-02,MLD-01,Malard Central Health Center,1007,707,631,376,76,0.1075
2021-11-02,MLD-02,Sabashahr Health Center,870,563,482,388,81,0.1439
2021-11-02,MLD-03,Vahedieh Health Center,671,317,284,387,33,0.1041
2021-11-02,MLD-04,Sadeghieh-e Malard Vaccination Center,591,401,342,249,59,0.1471
2021-11-02,MLD-05,Chelab Rural Vaccination Center,479,282,242,237,40,0.1418
2021-11-03,MLD-01,Malard Central Health Center,920,510,460,460,50,0.098
2021-11-03,MLD-02,Sabashahr Health Center,845,553,499,346,54,0.0976
2021-11-03,MLD-03,Vahedieh Health Center,675,376,319,356,57,0.1516
2021-11-03,MLD-04,Sadeghieh-e Malard Vaccination Center,691,384,320,371,64,0.1667
2021-11-03,MLD-05,Chelab Rural Vaccination Center,476,305,266,210,39,0.1279
2021-11-04,MLD-01,Malard Central Health Center,818,577,505,313,72,0.1248
2021-11-04,MLD-02,Sabashahr Health Center,713,466,409,304,57,0.1223
2021-11-04,MLD-03,Vahedieh Health Center,623,414,344,279,70,0.1691
2021-11-04,MLD-04,Sadeghieh-e Malard Vaccination Center,522,327,286,236,41,0.1254
2021-11-04,MLD-05,Chelab Rural Vaccination Center,404,294,228,176,66,0.2245
2021-11-05,MLD-01,Malard Central Health Center,370,217,199,171,18,0.0829
2021-11-05,MLD-02,Sabashahr Health Center,264,173,152,112,21,0.1214
2021-11-05,MLD-03,Vahedieh Health Center,228,158,135,93,23,0.1456
2021-11-05,MLD-04,Sadeghieh-e Malard Vaccination Center,256,147,129,127,18,0.1224
2021-11-05,MLD-05,Chelab Rural Vaccination Center,156,96,89,67,7,0.0729
2021-11-06,MLD-01,Malard Central Health Center,858,488,444,414,44,0.0902
2021-11-06,MLD-02,Sabashahr Health Center,813,430,378,435,52,0.1209
2021-11-06,MLD-03,Vahedieh Health Center,698,389,345,353,44,0.1131
2021-11-06,MLD-04,Sadeghieh-e Malard Vaccination Center,741,347,313,428,34,0.098
2021-11-06,MLD-05,Chelab Rural Vaccination Center,513,299,257,256,42,0.1405
2021-11-07,MLD-01,Malard Central Health Center,922,585,542,380,43,0.0735
2021-11-07,MLD-02,Sabashahr Health Center,862,463,415,447,48,0.1037
2021-11-07,MLD-03,Vahedieh Health Center,671,433,387,284,46,0.1062
2021-11-07,MLD-04,Sadeghieh-e Malard Vaccination Center,593,383,342,251,41,0.107
2021-11-07,MLD-05,Chelab Rural Vaccination Center,547,360,314,233,46,0.1278
2021-11-08,MLD-01,Malard Central Health Center,1034,688,567,467,121,0.1759
2021-11-08,MLD-02,Sabashahr Health Center,755,420,366,389,54,0.1286
2021-11-08,MLD-03,Vahedieh Health Center,650,380,352,298,28,0.0737
2021-11-08,MLD-04,Sadeghieh-e Malard Vaccination Center,666,425,384,282,41,0.0965
2021-11-08,MLD-05,Chelab Rural Vaccination Center,505,341,301,204,40,0.1173
2021-11-09,MLD-01,Malard Central Health Center,897,603,549,348,54,0.0896
2021-11-09,MLD-02,Sabashahr Health Center,829,547,507,322,40,0.0731
2021-11-09,MLD-03,Vahedieh Health Center,745,549,495,250,54,0.0984
2021-11-09,MLD-04,Sadeghieh-e Malard Vaccination Center,582,395,347,235,48,0.1215
2021-11-09,MLD-05,Chelab Rural Vaccination Center,513,272,239,274,33,0.1213
2021-11-10,MLD-01,Malard Central Health Center,964,566,495,469,71,0.1254
2021-11-10,MLD-02,Sabashahr Health Center,785,523,466,319,57,0.109
2021-11-10,MLD-03,Vahedieh Health Center,632,368,325,307,43,0.1168
2021-11-10,MLD-04,Sadeghieh-e Malard Vaccination Center,666,435,371,295,64,0.1471
2021-11-10,MLD-05,Chelab Rural Vaccination Center,474,323,280,194,43,0.1331
2021-11-11,MLD-01,Malard Central Health Center,789,611,481,308,130,0.2128
2021-11-11,MLD-02,Sabashahr Health Center,647,422,359,288,63,0.1493
2021-11-11,MLD-03,Vahedieh Health Center,607,355,296,311,59,0.1662
2021-11-11,MLD-04,Sadeghieh-e Malard Vaccination Center,532,351,288,244,63,0.1795
2021-11-11,MLD-05,Chelab Rural Vaccination Center,429,251,212,217,39,0.1554
2021-11-12,MLD-01,Malard Central Health Center,311,170,159,152,11,0.0647
2021-11-12,MLD-02,Sabashahr Health Center,252,122,115,137,7,0.0574
2021-11-12,MLD-03,Vahedieh Health Center,276,177,168,108,9,0.0508
2021-11-12,MLD-04,Sadeghieh-e Malard Vaccination Center,237,155,142,95,13,0.0839
2021-11-12,MLD-05,Chelab Rural Vaccination Center,168,112,95,73,17,0.1518
2021-11-13,MLD-01,Malard Central Health Center,988,627,544,444,83,0.1324
2021-11-13,MLD-02,Sabashahr Health Center,895,592,494,401,98,0.1655
2021-11-13,MLD-03,Vahedieh Health Center,670,459,409,261,50,0.1089
2021-11-13,MLD-04,Sadeghieh-e Malard Vaccination Center,606,379,338,268,41,0.1082
2021-11-13,MLD-05,Chelab Rural Vaccination Center,408,255,222,186,33,0.1294
2021-11-14,MLD-01,Malard Central Health Center,930,578,506,424,72,0.1246
2021-11-14,MLD-02,Sabashahr Health Center,742,489,448,294,41,0.0838
2021-11-14,MLD-03,Vahedieh Health Center,762,432,390,372,42,0.0972
2021-11-14,MLD-04,Sadeghieh-e Malard Vaccination Center,662,465,410,252,55,0.1183
2021-11-14,MLD-05,Chelab Rural Vaccination Center,466,256,228,238,28,0.1094
2021-11-15,MLD-01,Malard Central Health Center,858,540,463,395,77,0.1426
2021-11-15,MLD-02,Sabashahr Health Center,821,515,453,368,62,0.1204
2021-11-15,MLD-03,Vahedieh Health Center,668,392,339,329,53,0.1352
2021-11-15,MLD-04,Sadeghieh-e Malard Vaccination Center,680,434,405,275,29,0.0668
2021-11-15,MLD-05,Chelab Rural Vaccination Center,445,295,247,198,48,0.1627
2021-11-16,MLD-01,Malard Central Health Center,973,627,571,402,56,0.0893
2021-11-16,MLD-02,Sabashahr Health Center,731,443,403,328,40,0.0903
2021-11-16,MLD-03,Vahedieh Health Center,655,412,367,288,45,0.1092
2021-11-16,MLD-04,Sadeghieh-e Malard Vaccination Center,665,462,405,260,57,0.1234
2021-11-16,MLD-05,Chelab Rural Vaccination Center,457,293,253,204,40,0.1365
2021-11-17,MLD-01,Malard Central Health Center,957,498,465,492,33,0.0663
2021-11-17,MLD-02,Sabashahr Health Center,858,454,401,457,53,0.1167
2021-11-17,MLD-03,Vahedieh Health Center,621,402,354,267,48,0.1194
2021-11-17,MLD-04,Sadeghieh-e Malard Vaccination Center,615,306,267,348,39,0.1275
2021-11-17,MLD-05,Chelab Rural Vaccination Center,468,318,288,180,30,0.0943
2021-11-18,MLD-01,Malard Central Health Center,788,485,416,372,69,0.1423
2021-11-18,MLD-02,Sabashahr Health Center,682,422,381,301,41,0.0972
2021-11-18,MLD-03,Vahedieh Health Center,543,429,363,180,66,0.1538
2021-11-18,MLD-04,Sadeghieh-e Malard Vaccination Center,591,372,316,275,56,0.1505
2021-11-18,MLD-05,Chelab Rural Vaccination Center,397,247,200,197,47,0.1903
2021-11-19,MLD-01,Malard Central Health Center,315,188,165,150,23,0.1223
2021-11-19,MLD-02,Sabashahr Health Center,285,218,190,95,28,0.1284
2021-11-19,MLD-03,Vahedieh Health Center,239,127,112,127,15,0.1181
2021-11-19,MLD-04,Sadeghieh-e Malard Vaccination Center,238,149,135,103,14,0.094
2021-11-19,MLD-05,Chelab Rural Vaccination Center,161,116,102,59,14,0.1207
2021-11-20,MLD-01,Malard Central Health Center,972,504,451,521,53,0.1052
2021-11-20,MLD-02,Sabashahr Health Center,769,474,415,354,59,0.1245
2021-11-20,MLD-03,Vahedieh Health Center,656,385,333,323,52,0.1351
2021-11-20,MLD-04,Sadeghieh-e Malard Vaccination Center,645,339,293,352,46,0.1357
2021-11-20,MLD-05,Chelab Rural Vaccination Center,481,294,267,214,27,0.0918
2021-11-21,MLD-01,Malard Central Health Center,1096,604,527,569,77,0.1275
2021-11-21,MLD-02,Sabashahr Health Center,780,473,431,349,42,0.0888
2021-11-21,MLD-03,Vahedieh Health Center,570,366,316,254,50,0.1366
2021-11-21,MLD-04,Sadeghieh-e Malard Vaccination Center,644,416,369,275,47,0.113
2021-11-21,MLD-05,Chelab Rural Vaccination Center,420,267,240,180,27,0.1011
2021-11-22,MLD-01,Malard Central Health Center,838,524,472,366,52,0.0992
2021-11-22,MLD-02,Sabashahr Health Center,852,453,383,469,70,0.1545
2021-11-22,MLD-03,Vahedieh Health Center,716,410,344,372,66,0.161
2021-11-22,MLD-04,Sadeghieh-e Malard Vaccination Center,628,445,405,223,40,0.0899
2021-11-22,MLD-05,Chelab Rural Vaccination Center,451,225,205,246,20,0.0889
2021-11-23,MLD-01,Malard Central Health Center,887,479,412,475,67,0.1399
2021-11-23,MLD-02,Sabashahr Health Center,820,581,473,347,108,0.1859
2021-11-23,MLD-03,Vahedieh Health Center,678,488,425,253,63,0.1291
2021-11-23,MLD-04,Sadeghieh-e Malard Vaccination Center,595,440,392,203,48,0.1091
2021-11-23,MLD-05,Chelab Rural Vaccination Center,497,275,251,246,24,0.0873
2021-11-24,MLD-01,Malard Central Health Center,787,483,445,342,38,0.0787
2021-11-24,MLD-02,Sabashahr Health Center,766,567,505,261,62,0.1093
2021-11-24,MLD-03,Vahedieh Health Center,742,525,473,269,52,0.099
2021-11-24,MLD-04,Sadeghieh-e Malard Vaccination Center,603,426,370,233,56,0.1315
2021-11-24,MLD-05,Chelab Rural Vaccination Center,522,295,277,245,18,0.061
2021-11-25,MLD-01,Malard Central Health Center,869,619,502,367,117,0.189
2021-11-25,MLD-02,Sabashahr Health Center,631,419,338,293,81,0.1933
2021-11-25,MLD-03,Vahedieh Health Center,515,347,283,232,64,0.1844
2021-11-25,MLD-04,Sadeghieh-e Malard Vaccination Center,563,378,336,227,42,0.1111
2021-11-25,MLD-05,Chelab Rural Vaccination Center,357,226,190,167,36,0.1593
2021-11-26,MLD-01,Malard Central Health Center,342,219,192,150,27,0.1233
2021-11-26,MLD-02,Sabashahr Health Center,263,184,165,98,19,0.1033
2021-11-26,MLD-03,Vahedieh Health Center,227,141,129,98,12,0.0851
2021-11-26,MLD-04,Sadeghieh-e Malard Vaccination Center,202,146,128,74,18,0.1233
2021-11-26,MLD-05,Chelab Rural Vaccination Center,158,91,81,77,10,0.1099
2021-11-27,MLD-01,Malard Central Health Center,935,506,484,451,22,0.0435
2021-11-27,MLD-02,Sabashahr Health Center,717,509,454,263,55,0.1081
2021-11-27,MLD-03,Vahedieh Health Center,654,434,395,259,39,0.0899
2021-11-27,MLD-04,Sadeghieh-e Malard Vaccination Center,619,377,340,279,37,0.0981
2021-11-27,MLD-05,Chelab Rural Vaccination Center,491,276,249,242,27,0.0978
2021-11-28,MLD-01,Malard Central Health Center,849,485,429,420,56,0.1155
2021-11-28,MLD-02,Sabashahr Health Center,793,519,456,337,63,0.1214
2021-11-28,MLD-03,Vahedieh Health Center,647,371,352,295,19,0.0512
2021-11-28,MLD-04,Sadeghieh-e Malard Vaccination Center,686,404,373,313,31,0.0767
2021-11-28,MLD-05,Chelab Rural Vaccination Center,467,289,258,209,31,0.1073
2021-11-29,MLD-01,Malard Central Health Center,858,585,511,347,74,0.1265
2021-11-29,MLD-02,Sabashahr Health Center,819,523,467,352,56,0.1071
2021-11-29,MLD-03,Vahedieh Health Center,667,452,387,280,65,0.1438
2021-11-29,MLD-04,Sadeghieh-e Malard Vaccination Center,652,413,386,266,27,0.0654
2021-11-29,MLD-05,Chelab Rural Vaccination Center,450,331,281,169,50,0.1511
2021-11-30,MLD-01,Malard Central Health Center,811,485,434,377,51,0.1052
2021-11-30,MLD-02,Sabashahr Health Center,791,571,516,275,55,0.0963
2021-11-30,MLD-03,Vahedieh Health Center,782,447,405,377,42,0.094
2021-11-30,MLD-04,Sadeghieh-e Malard Vaccination Center,608,389,364,244,25,0.0643
2021-11-30,MLD-05,Chelab Rural Vaccination Center,507,328,287,220,41,0.125
2021-12-01,MLD-01,Malard Central Health Center,847,567,518,329,49,0.0864
2021-12-01,MLD-02,Sabashahr Health Center,781,539,488,293,51,0.0946
2021-12-01,MLD-03,Vahedieh Health Center,670,429,371,299,58,0.1352
2021-12-01,MLD-04,Sadeghieh-e Malard Vaccination Center,655,464,417,238,47,0.1013
2021-12-01,MLD-05,Chelab Rural Vaccination Center,448,326,296,152,30,0.092
2021-12-02,MLD-01,Malard Central Health Center,150,106,89,61,17,0.1604
2021-12-02,MLD-02,Sabashahr Health Center,117,82,67,50,15,0.1829
2021-12-02,MLD-03,Vahedieh Health Center,130,88,74,56,14,0.1591
2021-12-02,MLD-04,Sadeghieh-e Malard Vaccination Center,122,77,64,58,13,0.1688
2021-12-02,MLD-05,Chelab Rural Vaccination Center,92,53,44,48,9,0.1698
2021-12-03,MLD-01,Malard Central Health Center,309,201,168,141,33,0.1642
2021-12-03,MLD-02,Sabashahr Health Center,257,171,154,103,17,0.0994
2021-12-03,MLD-03,Vahedieh Health Center,212,157,144,68,13,0.0828
2021-12-03,MLD-04,Sadeghieh-e Malard Vaccination Center,228,157,142,86,15,0.0955
2021-12-03,MLD-05,Chelab Rural Vaccination Center,146,85,76,70,9,0.1059
2021-12-04,MLD-01,Malard Central Health Center,940,624,551,389,73,0.117
2021-12-04,MLD-02,Sabashahr Health Center,652,410,356,296,54,0.1317
2021-12-04,MLD-03,Vahedieh Health Center,655,430,372,283,58,0.1349
2021-12-04,MLD-04,Sadeghieh-e Malard Vaccination Center,570,359,311,259,48,0.1337
2021-12-04,MLD-05,Chelab Rural Vaccination Center,409,294,252,157,42,0.1429
2021-12-05,MLD-01,Malard Central Health Center,821,485,416,405,69,0.1423
2021-12-05,MLD-02,Sabashahr Health Center,765,470,420,345,50,0.1064
2021-12-05,MLD-03,Vahedieh Health Center,666,422,383,283,39,0.0924
2021-12-05,MLD-04,Sadeghieh-e Malard Vaccination Center,529,306,285,244,21,0.0686
2021-12-05,MLD-05,Chelab Rural Vaccination Center,452,259,226,226,33,0.1274
2021-12-06,MLD-01,Malard Central Health Center,872,627,515,357,112,0.1786
2021-12-06,MLD-02,Sabashahr Health Center,698,489,423,275,66,0.135
2021-12-06,MLD-03,Vahedieh Health Center,679,439,399,280,40,0.0911
2021-12-06,MLD-04,Sadeghieh-e Malard Vaccination Center,566,406,348,218,58,0.1429
2021-12-06,MLD-05,Chelab Rural Vaccination Center,416,228,206,210,22,0.0965
2021-12-07,MLD-01,Malard Central Health Center,740,412,350,390,62,0.1505
2021-12-07,MLD-02,Sabashahr Health Center,750,562,486,264,76,0.1352
2021-12-07,MLD-03,Vahedieh Health Center,641,414,370,271,44,0.1063
2021-12-07,MLD-04,Sadeghieh-e Malard Vaccination Center,610,380,363,247,17,0.0447
2021-12-07,MLD-05,Chelab Rural Vaccination Center,404,258,228,176,30,0.1163
2021-12-08,MLD-01,Malard Central Health Center,896,496,452,444,44,0.0887
2021-12-08,MLD-02,Sabashahr Health Center,733,532,494,239,38,0.0714
2021-12-08,MLD-03,Vahedieh Health Center,541,342,313,228,29,0.0848
2021-12-08,MLD-04,Sadeghieh-e Malard Vaccination Center,544,371,332,212,39,0.1051
2021-12-08,MLD-05,Chelab Rural Vaccination Center,414,316,271,143,45,0.1424
2021-12-09,MLD-01,Malard Central Health Center,707,451,394,313,57,0.1264
2021-12-09,MLD-02,Sabashahr Health Center,562,408,336,226,72,0.1765
2021-12-09,MLD-03,Vahedieh Health Center,493,317,281,212,36,0.1136
2021-12-09,MLD-04,Sadeghieh-e Malard Vaccination Center,506,323,274,232,49,0.1517
2021-12-09,MLD-05,Chelab Rural Vaccination Center,407,287,232,175,55,0.1916
2021-12-10,MLD-01,Malard Central Health Center,268,181,155,113,26,0.1436
2021-12-10,MLD-02,Sabashahr Health Center,246,165,142,104,23,0.1394
2021-12-10,MLD-03,Vahedieh Health Center,204,123,112,92,11,0.0894
2021-12-10,MLD-04,Sadeghieh-e Malard Vaccination Center,230,166,140,90,26,0.1566
2021-12-10,MLD-05,Chelab Rural Vaccination Center,144,90,81,63,9,0.1
2021-12-11,MLD-01,Malard Central Health Center,864,621,534,330,87,0.1401
2021-12-11,MLD-02,Sabashahr Health Center,754,456,406,348,50,0.1096
2021-12-11,MLD-03,Vahedieh Health Center,560,369,321,239,48,0.1301
2021-12-11,MLD-04,Sadeghieh-e Malard Vaccination Center,539,348,320,219,28,0.0805
2021-12-11,MLD-05,Chelab Rural Vaccination Center,424,311,271,153,40,0.1286
2021-12-12,MLD-01,Malard Central Health Center,824,577,520,304,57,0.0988
2021-12-12,MLD-02,Sabashahr Health Center,709,395,354,355,41,0.1038
2021-12-12,MLD-03,Vahedieh Health Center,573,365,328,245,37,0.1014
2021-12-12,MLD-04,Sadeghieh-e Malard Vaccination Center,615,421,361,254,60,0.1425
2021-12-12,MLD-05,Chelab Rural Vaccination Center,429,283,249,180,34,0.1201
2021-12-13,MLD-01,Malard Central Health Center,781,486,428,353,58,0.1193
2021-12-13,MLD-02,Sabashahr Health Center,757,443,404,353,39,0.088
2021-12-13,MLD-03,Vahedieh Health Center,655,458,395,260,63,0.1376
2021-12-13,MLD-04,Sadeghieh-e Malard Vaccination Center,543,304,259,284,45,0.148
2021-12-13,MLD-05,Chelab Rural Vaccination Center,400,233,205,195,28,0.1202
2021-12-14,MLD-01,Malard Central Health Center,778,612,522,256,90,0.1471
2021-12-14,MLD-02,Sabashahr Health Center,687,374,337,350,37,0.0989
2021-12-14,MLD-03,Vahedieh Health Center,627,384,342,285,42,0.1094
2021-12-14,MLD-04,Sadeghieh-e Malard Vaccination Center,602,341,314,288,27,0.0792
2021-12-14,MLD-05,Chelab Rural Vaccination Center,457,297,271,186,26,0.0875
2021-12-15,MLD-01,Malard Central Health Center,770,514,475,295,39,0.0759
2021-12-15,MLD-02,Sabashahr Health Center,721,483,429,292,54,0.1118
2021-12-15,MLD-03,Vahedieh Health Center,655,457,427,228,30,0.0656
2021-12-15,MLD-04,Sadeghieh-e Malard Vaccination Center,542,421,384,158,37,0.0879
2021-12-15,MLD-05,Chelab Rural Vaccination Center,468,252,226,242,26,0.1032
2021-12-16,MLD-01,Malard Central Health Center,638,422,346,292,76,0.1801
2021-12-16,MLD-02,Sabashahr Health Center,658,381,332,326,49,0.1286
2021-12-16,MLD-03,Vahedieh Health Center,519,339,291,228,48,0.1416
2021-12-16,MLD-04,Sadeghieh-e Malard Vaccination Center,514,339,284,230,55,0.1622
2021-12-16,MLD-05,Chelab Rural Vaccination Center,339,215,175,164,40,0.186
2021-12-17,MLD-01,Malard Central Health Center,278,192,168,110,24,0.125
2021-12-17,MLD-02,Sabashahr Health Center,254,168,151,103,17,0.1012
2021-12-17,MLD-03,Vahedieh Health Center,227,171,148,79,23,0.1345
2021-12-17,MLD-04,Sadeghieh-e Malard Vaccination Center,168,106,100,68,6,0.0566
2021-12-17,MLD-05,Chelab Rural Vaccination Center,145,96,84,61,12,0.125
2021-12-18,MLD-01,Malard Central Health Center,705,490,421,284,69,0.1408
2021-12-18,MLD-02,Sabashahr Health Center,656,441,402,254,39,0.0884
2021-12-18,MLD-03,Vahedieh Health Center,623,474,406,217,68,0.1435
2021-12-18,MLD-04,Sadeghieh-e Malard Vaccination Center,553,391,368,185,23,0.0588
2021-12-18,MLD-05,Chelab Rural Vaccination Center,474,303,269,205,34,0.1122
2021-12-19,MLD-01,Malard Central Health Center,666,515,443,223,72,0.1398
2021-12-19,MLD-02,Sabashahr Health Center,671,421,379,292,42,0.0998
2021-12-19,MLD-03,Vahedieh Health Center,606,347,325,281,22,0.0634
2021-12-19,MLD-04,Sadeghieh-e Malard Vaccination Center,609,393,344,265,49,0.1247
2021-12-19,MLD-05,Chelab Rural Vaccination Center,413,252,226,187,26,0.1032
2021-12-20,MLD-01,Malard Central Health Center,833,531,470,363,61,0.1149
2021-12-20,MLD-02,Sabashahr Health Center,603,441,403,200,38,0.0862
2021-12-20,MLD-03,Vahedieh Health Center,566,396,347,219,49,0.1237
2021-12-20,MLD-04,Sadeghieh-e Malard Vaccination Center,536,344,298,238,46,0.1337
2021-12-20,MLD-05,Chelab Rural Vaccination Center,395,250,218,177,32,0.128
2021-12-21,MLD-01,Malard Central Health Center,746,486,439,307,47,0.0967
2021-12-21,MLD-02,Sabashahr Health Center,756,516,450,306,66,0.1279
2021-12-21,MLD-03,Vahedieh Health Center,571,346,307,264,39,0.1127
2021-12-21,MLD-04,Sadeghieh-e Malard Vaccination Center,459,303,273,186,30,0.099
2021-12-21,MLD-05,Chelab Rural Vaccination Center,409,307,270,139,37,0.1205
2021-12-22,MLD-01,Malard Central Health Center,749,493,441,308,52,0.1055
2021-12-22,MLD-02,Sabashahr Health Center,635,425,371,264,54,0.1271
2021-12-22,MLD-03,Vahedieh Health Center,622,358,322,300,36,0.1006
2021-12-22,MLD-04,Sadeghieh-e Malard Vaccination Center,517,364,329,188,35,0.0962
2021-12-22,MLD-05,Chelab Rural Vaccination Center,388,245,213,175,32,0.1306
2021-12-23,MLD-01,Malard Central Health Center,606,372,300,306,72,0.1935
2021-12-23,MLD-02,Sabashahr Health Center,518,360,318,200,42,0.1167
2021-12-23,MLD-03,Vahedieh Health Center,535,332,268,267,64,0.1928
2021-12-23,MLD-04,Sadeghieh-e Malard Vaccination Center,463,280,240,223,40,0.1429
2021-12-23,MLD-05,Chelab Rural Vaccination Center,324,285,231,93,54,0.1895
2021-12-24,MLD-01,Malard Central Health Center,255,167,147,108,20,0.1198
2021-12-24,MLD-02,Sabashahr Health Center,219,155,133,86,22,0.1419
2021-12-24,MLD-03,Vahedieh Health Center,189,124,118,71,6,0.0484
2021-12-24,MLD-04,Sadeghieh-e Malard Vaccination Center,191,116,108,83,8,0.069
2021-12-24,MLD-05,Chelab Rural Vaccination Center,144,103,90,54,13,0.1262
2021-12-25,MLD-01,Malard Central Health Center,751,535,482,269,53,0.0991
2021-12-25,MLD-02,Sabashahr Health Center,507,359,311,196,48,0.1337
2021-12-25,MLD-03,Vahedieh Health Center,621,464,408,213,56,0.1207
2021-12-25,MLD-04,Sadeghieh-e Malard Vaccination Center,525,434,384,141,50,0.1152
2021-12-25,MLD-05,Chelab Rural Vaccination Center,399,245,224,175,21,0.0857
2021-12-26,MLD-01,Malard Central Health Center,735,543,480,255,63,0.116
2021-12-26,MLD-02,Sabashahr Health Center,700,455,421,279,34,0.0747
2021-12-26,MLD-03,Vahedieh Health Center,501,276,254,247,22,0.0797
2021-12-26,MLD-04,Sadeghieh-e Malard Vaccination Center,493,297,269,224,28,0.0943
2021-12-26,MLD-05,Chelab Rural Vaccination Center,319,213,193,126,20,0.0939
2021-12-27,MLD-01,Malard Central Health Center,690,440,389,301,51,0.1159
2021-12-27,MLD-02,Sabashahr Health Center,665,419,379,286,40,0.0955
2021-12-27,MLD-03,Vahedieh Health Center,521,362,311,210,51,0.1409
2021-12-27,MLD-04,Sadeghieh-e Malard Vaccination Center,523,332,299,224,33,0.0994
2021-12-27,MLD-05,Chelab Rural Vaccination Center,345,225,212,133,13,0.0578
2021-12-28,MLD-01,Malard Central Health Center,702,455,394,308,61,0.1341
2021-12-28,MLD-02,Sabashahr Health Center,579,360,323,256,37,0.1028
2021-12-28,MLD-03,Vahedieh Health Center,516,347,308,208,39,0.1124
2021-12-28,MLD-04,Sadeghieh-e Malard Vaccination Center,523,375,322,201,53,0.1413
2021-12-28,MLD-05,Chelab Rural Vaccination Center,356,242,219,137,23,0.095
2021-12-29,MLD-01,Malard Central Health Center,703,454,419,284,35,0.0771
2021-12-29,MLD-02,Sabashahr Health Center,631,413,365,266,48,0.1162
2021-12-29,MLD-03,Vahedieh Health Center,483,309,276,207,33,0.1068
2021-12-29,MLD-04,Sadeghieh-e Malard Vaccination Center,434,295,268,166,27,0.0915
2021-12-29,MLD-05,Chelab Rural Vaccination Center,369,269,241,128,28,0.1041
2021-12-30,MLD-01,Malard Central Health Center,558,383,311,247,72,0.188
2021-12-30,MLD-02,Sabashahr Health Center,552,359,302,250,57,0.1588
2021-12-30,MLD-03,Vahedieh Health Center,418,304,256,162,48,0.1579
2021-12-30,MLD-04,Sadeghieh-e Malard Vaccination Center,400,329,281,119,48,0.1459
2021-12-30,MLD-05,Chelab Rural Vaccination Center,275,220,177,98,43,0.1955
2021-12-31,MLD-01,Malard Central Health Center,223,144,130,93,14,0.0972
2021-12-31,MLD-02,Sabashahr Health Center,199,134,112,87,22,0.1642
2021-12-31,MLD-03,Vahedieh Health Center,203,122,113,90,9,0.0738
2021-12-31,MLD-04,Sadeghieh-e Malard Vaccination Center,157,118,102,55,16,0.1356
2021-12-31,MLD-05,Chelab Rural Vaccination Center,125,74,66,59,8,0.1081
2022-01-01,MLD-01,Malard Central Health Center,703,434,389,314,45,0.1037
2022-01-01,MLD-02,Sabashahr Health Center,616,442,371,245,71,0.1606
2022-01-01,MLD-03,Vahedieh Health Center,464,348,301,163,47,0.1351
2022-01-01,MLD-04,Sadeghieh-e Malard Vaccination Center,460,330,289,171,41,0.1242
2022-01-01,MLD-05,Chelab Rural Vaccination Center,307,227,199,108,28,0.1233
2022-01-02,MLD-01,Malard Central Health Center,643,456,423,220,33,0.0724
2022-01-02,MLD-02,Sabashahr Health Center,568,413,376,192,37,0.0896
2022-01-02,MLD-03,Vahedieh Health Center,503,359,322,181,37,0.1031
2022-01-02,MLD-04,Sadeghieh-e Malard Vaccination Center,459,379,320,139,59,0.1557
2022-01-02,MLD-05,Chelab Rural Vaccination Center,332,171,153,179,18,0.1053
2022-01-03,MLD-01,Malard Central Health Center,638,430,398,240,32,0.0744
2022-01-03,MLD-02,Sabashahr Health Center,612,403,384,228,19,0.0471
2022-01-03,MLD-03,Vahedieh Health Center,437,269,242,195,27,0.1004
2022-01-03,MLD-04,Sadeghieh-e Malard Vaccination Center,474,296,261,213,35,0.1182
2022-01-03,MLD-05,Chelab Rural Vaccination Center,311,210,189,122,21,0.1
2022-01-04,MLD-01,Malard Central Health Center,538,388,349,189,39,0.1005
2022-01-04,MLD-02,Sabashahr Health Center,580,334,312,268,22,0.0659
2022-01-04,MLD-03,Vahedieh Health Center,523,307,272,251,35,0.114
2022-01-04,MLD-04,Sadeghieh-e Malard Vaccination Center,457,304,268,189,36,0.1184
2022-01-04,MLD-05,Chelab Rural Vaccination Center,356,262,233,123,29,0.1107
2022-01-05,MLD-01,Malard Central Health Center,720,574,507,213,67,0.1167
2022-01-05,MLD-02,Sabashahr Health Center,509,368,328,181,40,0.1087
2022-01-05,MLD-03,Vahedieh Health Center,432,266,238,194,28,0.1053
2022-01-05,MLD-04,Sadeghieh-e Malard Vaccination Center,413,286,260,153,26,0.0909
2022-01-05,MLD-05,Chelab Rural Vaccination Center,343,259,228,115,31,0.1197
2022-01-06,MLD-01,Malard Central Health Center,526,343,292,234,51,0.1487
2022-01-06,MLD-02,Sabashahr Health Center,454,354,290,164,64,0.1808
2022-01-06,MLD-03,Vahedieh Health Center,366,230,199,167,31,0.1348
2022-01-06,MLD-04,Sadeghieh-e Malard Vaccination Center,394,316,265,129,51,0.1614
2022-01-06,MLD-05,Chelab Rural Vaccination Center,311,222,187,124,35,0.1577
2022-01-07,MLD-01,Malard Central Health Center,213,144,125,88,19,0.1319
2022-01-07,MLD-02,Sabashahr Health Center,193,142,128,65,14,0.0986
2022-01-07,MLD-03,Vahedieh Health Center,158,96,90,68,6,0.0625
2022-01-07,MLD-04,Sadeghieh-e Malard Vaccination Center,166,119,104,62,15,0.1261
2022-01-07,MLD-05,Chelab Rural Vaccination Center,114,83,73,41,10,0.1205
2022-01-08,MLD-01,Malard Central Health Center,603,490,409,194,81,0.1653
2022-01-08,MLD-02,Sabashahr Health Center,589,402,360,229,42,0.1045
2022-01-08,MLD-03,Vahedieh Health Center,520,311,275,245,36,0.1158
2022-01-08,MLD-04,Sadeghieh-e Malard Vaccination Center,406,256,232,174,24,0.0938
2022-01-08,MLD-05,Chelab Rural Vaccination Center,317,225,194,123,31,0.1378
2022-01-09,MLD-01,Malard Central Health Center,625,448,408,217,40,0.0893
2022-01-09,MLD-02,Sabashahr Health Center,643,478,412,231,66,0.1381
2022-01-09,MLD-03,Vahedieh Health Center,441,309,281,160,28,0.0906
2022-01-09,MLD-04,Sadeghieh-e Malard Vaccination Center,453,264,229,224,35,0.1326
2022-01-09,MLD-05,Chelab Rural Vaccination Center,353,249,215,138,34,0.1365
2022-01-10,MLD-01,Malard Central Health Center,707,484,428,279,56,0.1157
2022-01-10,MLD-02,Sabashahr Health Center,583,458,412,171,46,0.1004
2022-01-10,MLD-03,Vahedieh Health Center,459,327,284,175,43,0.1315
2022-01-10,MLD-04,Sadeghieh-e Malard Vaccination Center,481,312,277,204,35,0.1122
2022-01-10,MLD-05,Chelab Rural Vaccination Center,315,213,197,118,16,0.0751
2022-01-11,MLD-01,Malard Central Health Center,624,383,344,280,39,0.1018
2022-01-11,MLD-02,Sabashahr Health Center,620,356,321,299,35,0.0983
2022-01-11,MLD-03,Vahedieh Health Center,467,335,291,176,44,0.1313
2022-01-11,MLD-04,Sadeghieh-e Malard Vaccination Center,549,333,310,239,23,0.0691
2022-01-11,MLD-05,Chelab Rural Vaccination Center,340,233,201,139,32,0.1373
2022-01-12,MLD-01,Malard Central Health Center,721,505,456,265,49,0.097
2022-01-12,MLD-02,Sabashahr Health Center,649,504,448,201,56,0.1111
2022-01-12,MLD-03,Vahedieh Health Center,455,306,274,181,32,0.1046
2022-01-12,MLD-04,Sadeghieh-e Malard Vaccination Center,525,343,312,213,31,0.0904
2022-01-12,MLD-05,Chelab Rural Vaccination Center,284,208,182,102,26,0.125
2022-01-13,MLD-01,Malard Central Health Center,614,539,416,198,123,0.2282
2022-01-13,MLD-02,Sabashahr Health Center,540,380,324,216,56,0.1474
2022-01-13,MLD-03,Vahedieh Health Center,379,264,216,163,48,0.1818
2022-01-13,MLD-04,Sadeghieh-e Malard Vaccination Center,405,271,233,172,38,0.1402
2022-01-13,MLD-05,Chelab Rural Vaccination Center,330,246,208,122,38,0.1545
2022-01-14,MLD-01,Malard Central Health Center,222,145,127,95,18,0.1241
2022-01-14,MLD-02,Sabashahr Health Center,204,155,136,68,19,0.1226
2022-01-14,MLD-03,Vahedieh Health Center,188,126,109,79,17,0.1349
2022-01-14,MLD-04,Sadeghieh-e Malard Vaccination Center,188,141,128,60,13,0.0922
2022-01-14,MLD-05,Chelab Rural Vaccination Center,124,83,76,48,7,0.0843
2022-01-15,MLD-01,Malard Central Health Center,697,523,428,269,95,0.1816
2022-01-15,MLD-02,Sabashahr Health Center,723,560,499,224,61,0.1089
2022-01-15,MLD-03,Vahedieh Health Center,498,321,311,187,10,0.0312
2022-01-15,MLD-04,Sadeghieh-e Malard Vaccination Center,427,332,281,146,51,0.1536
2022-01-15,MLD-05,Chelab Rural Vaccination Center,305,219,197,108,22,0.1005
2022-01-16,MLD-01,Malard Central Health Center,673,483,430,243,53,0.1097
2022-01-16,MLD-02,Sabashahr Health Center,585,398,349,236,49,0.1231
2022-01-16,MLD-03,Vahedieh Health Center,585,473,434,151,39,0.0825
2022-01-16,MLD-04,Sadeghieh-e Malard Vaccination Center,464,327,286,178,41,0.1254
2022-01-16,MLD-05,Chelab Rural Vaccination Center,369,237,214,155,23,0.097
2022-01-17,MLD-01,Malard Central Health Center,707,459,384,323,75,0.1634
2022-01-17,MLD-02,Sabashahr Health Center,512,387,325,187,62,0.1602
2022-01-17,MLD-03,Vahedieh Health Center,581,367,343,238,24,0.0654
2022-01-17,MLD-04,Sadeghieh-e Malard Vaccination Center,514,398,379,135,19,0.0477
2022-01-17,MLD-05,Chelab Rural Vaccination Center,425,273,239,186,34,0.1245
2022-01-18,MLD-01,Malard Central Health Center,721,510,459,262,51,0.1
2022-01-18,MLD-02,Sabashahr Health Center,581,405,351,230,54,0.1333
2022-01-18,MLD-03,Vahedieh Health Center,559,393,333,226,60,0.1527
2022-01-18,MLD-04,Sadeghieh-e Malard Vaccination Center,528,380,341,187,39,0.1026
2022-01-18,MLD-05,Chelab Rural Vaccination Center,388,262,228,160,34,0.1298
2022-01-19,MLD-01,Malard Central Health Center,763,549,510,253,39,0.071
2022-01-19,MLD-02,Sabashahr Health Center,603,426,363,240,63,0.1479
2022-01-19,MLD-03,Vahedieh Health Center,528,364,329,199,35,0.0962
2022-01-19,MLD-04,Sadeghieh-e Malard Vaccination Center,543,408,348,195,60,0.1471
2022-01-19,MLD-05,Chelab Rural Vaccination Center,364,264,223,141,41,0.1553
2022-01-20,MLD-01,Malard Central Health Center,646,470,401,245,69,0.1468
2022-01-20,MLD-02,Sabashahr Health Center,573,428,343,230,85,0.1986
2022-01-20,MLD-03,Vahedieh Health Center,443,307,266,177,41,0.1336
2022-01-20,MLD-04,Sadeghieh-e Malard Vaccination Center,442,348,293,149,55,0.158
2022-01-20,MLD-05,Chelab Rural Vaccination Center,317,220,203,114,17,0.0773
2022-01-21,MLD-01,Malard Central Health Center,269,199,178,91,21,0.1055
2022-01-21,MLD-02,Sabashahr Health Center,250,183,173,77,10,0.0546
2022-01-21,MLD-03,Vahedieh Health Center,174,113,103,71,10,0.0885
2022-01-21,MLD-04,Sadeghieh-e Malard Vaccination Center,177,131,109,68,22,0.1679
2022-01-21,MLD-05,Chelab Rural Vaccination Center,147,96,88,59,8,0.0833
2022-01-22,MLD-01,Malard Central Health Center,693,536,465,228,71,0.1325
2022-01-22,MLD-02,Sabashahr Health Center,631,539,477,154,62,0.115
2022-01-22,MLD-03,Vahedieh Health Center,606,363,327,279,36,0.0992
2022-01-22,MLD-04,Sadeghieh-e Malard Vaccination Center,554,389,345,209,44,0.1131
2022-01-22,MLD-05,Chelab Rural Vaccination Center,451,290,260,191,30,0.1034
2022-01-23,MLD-01,Malard Central Health Center,698,554,489,209,65,0.1173
2022-01-23,MLD-02,Sabashahr Health Center,723,523,474,249,49,0.0937
2022-01-23,MLD-03,Vahedieh Health Center,580,401,370,210,31,0.0773
2022-01-23,MLD-04,Sadeghieh-e Malard Vaccination Center,534,386,342,192,44,0.114
2022-01-23,MLD-05,Chelab Rural Vaccination Center,433,326,286,147,40,0.1227
2022-01-24,MLD-01,Malard Central Health Center,781,519,476,305,43,0.0829
2022-01-24,MLD-02,Sabashahr Health Center,599,400,382,217,18,0.045
2022-01-24,MLD-03,Vahedieh Health Center,532,360,322,210,38,0.1056
2022-01-24,MLD-04,Sadeghieh-e Malard Vaccination Center,609,496,435,174,61,0.123
2022-01-24,MLD-05,Chelab Rural Vaccination Center,477,363,324,153,39,0.1074
2022-01-25,MLD-01,Malard Central Health Center,757,470,400,357,70,0.1489
2022-01-25,MLD-02,Sabashahr Health Center,672,445,409,263,36,0.0809
2022-01-25,MLD-03,Vahedieh Health Center,605,415,355,250,60,0.1446
2022-01-25,MLD-04,Sadeghieh-e Malard Vaccination Center,532,356,327,205,29,0.0815
2022-01-25,MLD-05,Chelab Rural Vaccination Center,458,334,299,159,35,0.1048
2022-01-26,MLD-01,Malard Central Health Center,794,518,455,339,63,0.1216
2022-01-26,MLD-02,Sabashahr Health Center,658,451,382,276,69,0.153
2022-01-26,MLD-03,Vahedieh Health Center,641,477,411,230,66,0.1384
2022-01-26,MLD-04,Sadeghieh-e Malard Vaccination Center,536,368,333,203,35,0.0951
2022-01-26,MLD-05,Chelab Rural Vaccination Center,398,278,254,144,24,0.0863
2022-01-27,MLD-01,Malard Central Health Center,643,443,385,258,58,0.1309
2022-01-27,MLD-02,Sabashahr Health Center,592,401,335,257,66,0.1646
2022-01-27,MLD-03,Vahedieh Health Center,465,372,309,156,63,0.1694
2022-01-27,MLD-04,Sadeghieh-e Malard Vaccination Center,530,451,361,169,90,0.1996
2022-01-27,MLD-05,Chelab Rural Vaccination Center,347,271,214,133,57,0.2103
2022-01-28,MLD-01,Malard Central Health Center,279,207,184,95,23,0.1111
2022-01-28,MLD-02,Sabashahr Health Center,261,193,176,85,17,0.0881
2022-01-28,MLD-03,Vahedieh Health Center,202,138,125,77,13,0.0942
2022-01-28,MLD-04,Sadeghieh-e Malard Vaccination Center,192,117,104,88,13,0.1111
2022-01-28,MLD-05,Chelab Rural Vaccination Center,145,102,93,52,9,0.0882
2022-01-29,MLD-01,Malard Central Health Center,869,662,595,274,67,0.1012
2022-01-29,MLD-02,Sabashahr Health Center,687,539,488,199,51,0.0946
2022-01-29,MLD-03,Vahedieh Health Center,591,394,359,232,35,0.0888
2022-01-29,MLD-04,Sadeghieh-e Malard Vaccination Center,585,416,361,224,55,0.1322
2022-01-29,MLD-05,Chelab Rural Vaccination Center,417,286,273,144,13,0.0455
2022-01-30,MLD-01,Malard Central Health Center,840,695,597,243,98,0.141
2022-01-30,MLD-02,Sabashahr Health Center,715,509,468,247,41,0.0806
2022-01-30,MLD-03,Vahedieh Health Center,607,414,369,238,45,0.1087
2022-01-30,MLD-04,Sadeghieh-e Malard Vaccination Center,610,429,387,223,42,0.0979
2022-01-30,MLD-05,Chelab Rural Vaccination Center,395,301,265,130,36,0.1196
2022-01-31,MLD-01,Malard Central Health Center,813,575,477,336,98,0.1704
2022-01-31,MLD-02,Sabashahr Health Center,640,400,357,283,43,0.1075
2022-01-31,MLD-03,Vahedieh Health Center,641,482,424,217,58,0.1203
2022-01-31,MLD-04,Sadeghieh-e Malard Vaccination Center,609,417,384,225,33,0.0791
2022-01-31,MLD-05,Chelab Rural Vaccination Center,484,352,332,152,20,0.0568
2022-02-01,MLD-01,Malard Central Health Center,276,207,188,88,19,0.0918
2022-02-01,MLD-02,Sabashahr Health Center,205,159,143,62,16,0.1006
2022-02-01,MLD-03,Vahedieh Health Center,172,143,127,45,16,0.1119
2022-02-01,MLD-04,Sadeghieh-e Malard Vaccination Center,195,135,119,76,16,0.1185
2022-02-01,MLD-05,Chelab Rural Vaccination Center,121,89,77,44,12,0.1348
2022-02-02,MLD-01,Malard Central Health Center,856,660,590,266,70,0.1061
2022-02-02,MLD-02,Sabashahr Health Center,626,482,417,209,65,0.1349
2022-02-02,MLD-03,Vahedieh Health Center,663,486,418,245,68,0.1399
2022-02-02,MLD-04,Sadeghieh-e Malard Vaccination Center,555,436,393,162,43,0.0986
2022-02-02,MLD-05,Chelab Rural Vaccination Center,419,273,248,171,25,0.0916
2022-02-03,MLD-01,Malard Central Health Center,651,527,451,200,76,0.1442
2022-02-03,MLD-02,Sabashahr Health Center,617,501,417,200,84,0.1677
2022-02-03,MLD-03,Vahedieh Health Center,562,429,359,203,70,0.1632
2022-02-03,MLD-04,Sadeghieh-e Malard Vaccination Center,536,389,329,207,60,0.1542
2022-02-03,MLD-05,Chelab Rural Vaccination Center,323,223,193,130,30,0.1345
2022-02-04,MLD-01,Malard Central Health Center,267,205,184,83,21,0.1024
2022-02-04,MLD-02,Sabashahr Health Center,248,182,156,92,26,0.1429
2022-02-04,MLD-03,Vahedieh Health Center,218,141,125,93,16,0.1135
2022-02-04,MLD-04,Sadeghieh-e Malard Vaccination Center,194,145,122,72,23,0.1586
2022-02-04,MLD-05,Chelab Rural Vaccination Center,167,126,112,55,14,0.1111
2022-02-05,MLD-01,Malard Central Health Center,811,595,525,286,70,0.1176
2022-02-05,MLD-02,Sabashahr Health Center,655,483,424,231,59,0.1222
2022-02-05,MLD-03,Vahedieh Health Center,676,446,398,278,48,0.1076
2022-02-05,MLD-04,Sadeghieh-e Malard Vaccination Center,560,294,274,286,20,0.068
2022-02-05,MLD-05,Chelab Rural Vaccination Center,422,289,265,157,24,0.083
2022-02-06,MLD-01,Malard Central Health Center,860,622,562,298,60,0.0965
2022-02-06,MLD-02,Sabashahr Health Center,732,529,494,238,35,0.0662
2022-02-06,MLD-03,Vahedieh Health Center,582,354,333,249,21,0.0593
2022-02-06,MLD-04,Sadeghieh-e Malard Vaccination Center,578,380,363,215,17,0.0447
2022-02-06,MLD-05,Chelab Rural Vaccination Center,402,286,251,151,35,0.1224
2022-02-07,MLD-01,Malard Central Health Center,808,600,528,280,72,0.12
2022-02-07,MLD-02,Sabashahr Health Center,769,602,515,254,87,0.1445
2022-02-07,MLD-03,Vahedieh Health Center,650,418,379,271,39,0.0933
2022-02-07,MLD-04,Sadeghieh-e Malard Vaccination Center,572,472,427,145,45,0.0953
2022-02-07,MLD-05,Chelab Rural Vaccination Center,383,230,217,166,13,0.0565
2022-02-08,MLD-01,Malard Central Health Center,925,720,642,283,78,0.1083
2022-02-08,MLD-02,Sabashahr Health Center,661,461,406,255,55,0.1193
2022-02-08,MLD-03,Vahedieh Health Center,577,456,398,179,58,0.1272
2022-02-08,MLD-04,Sadeghieh-e Malard Vaccination Center,578,432,383,195,49,0.1134
2022-02-08,MLD-05,Chelab Rural Vaccination Center,443,337,294,149,43,0.1276
2022-02-09,MLD-01,Malard Central Health Center,763,580,497,266,83,0.1431
2022-02-09,MLD-02,Sabashahr Health Center,750,582,497,253,85,0.146
2022-02-09,MLD-03,Vahedieh Health Center,652,505,440,212,65,0.1287
2022-02-09,MLD-04,Sadeghieh-e Malard Vaccination Center,609,379,336,273,43,0.1135
2022-02-09,MLD-05,Chelab Rural Vaccination Center,418,312,281,137,31,0.0994
2022-02-10,MLD-01,Malard Central Health Center,849,620,509,340,111,0.179
2022-02-10,MLD-02,Sabashahr Health Center,578,502,400,178,102,0.2032
2022-02-10,MLD-03,Vahedieh Health Center,450,363,306,144,57,0.157
2022-02-10,MLD-04,Sadeghieh-e Malard Vaccination Center,494,346,285,209,61,0.1763
2022-02-10,MLD-05,Chelab Rural Vaccination Center,362,289,228,134,61,0.2111
2022-02-11,MLD-01,Malard Central Health Center,276,205,186,90,19,0.0927
2022-02-11,MLD-02,Sabashahr Health Center,265,205,171,94,34,0.1659
2022-02-11,MLD-03,Vahedieh Health Center,203,144,127,76,17,0.1181
2022-02-11,MLD-04,Sadeghieh-e Malard Vaccination Center,227,145,134,93,11,0.0759
2022-02-11,MLD-05,Chelab Rural Vaccination Center,150,119,109,41,10,0.084
2022-02-12,MLD-01,Malard Central Health Center,766,541,492,274,49,0.0906
2022-02-12,MLD-02,Sabashahr Health Center,720,406,389,331,17,0.0419
2022-02-12,MLD-03,Vahedieh Health Center,676,512,448,228,64,0.125
2022-02-12,MLD-04,Sadeghieh-e Malard Vaccination Center,626,496,431,195,65,0.131
2022-02-12,MLD-05,Chelab Rural Vaccination Center,480,316,304,176,12,0.038
2022-02-13,MLD-01,Malard Central Health Center,735,591,531,204,60,0.1015
2022-02-13,MLD-02,Sabashahr Health Center,803,595,502,301,93,0.1563
2022-02-13,MLD-03,Vahedieh Health Center,613,420,391,222,29,0.069
2022-02-13,MLD-04,Sadeghieh-e Malard Vaccination Center,656,515,450,206,65,0.1262
2022-02-13,MLD-05,Chelab Rural Vaccination Center,438,334,288,150,46,0.1377
2022-02-14,MLD-01,Malard Central Health Center,812,572,534,278,38,0.0664
2022-02-14,MLD-02,Sabashahr Health Center,904,716,626,278,90,0.1257
2022-02-14,MLD-03,Vahedieh Health Center,590,436,412,178,24,0.055
2022-02-14,MLD-04,Sadeghieh-e Malard Vaccination Center,540,378,348,192,30,0.0794
2022-02-14,MLD-05,Chelab Rural Vaccination Center,400,320,272,128,48,0.15
2022-02-15,MLD-01,Malard Central Health Center,896,604,567,329,37,0.0613
2022-02-15,MLD-02,Sabashahr Health Center,743,463,406,337,57,0.1231
2022-02-15,MLD-03,Vahedieh Health Center,676,508,474,202,34,0.0669
2022-02-15,MLD-04,Sadeghieh-e Malard Vaccination Center,543,430,374,169,56,0.1302
2022-02-15,MLD-05,Chelab Rural Vaccination Center,382,264,229,153,35,0.1326
2022-02-16,MLD-01,Malard Central Health Center,814,600,545,269,55,0.0917
2022-02-16,MLD-02,Sabashahr Health Center,738,552,511,227,41,0.0743
2022-02-16,MLD-03,Vahedieh Health Center,641,489,453,188,36,0.0736
2022-02-16,MLD-04,Sadeghieh-e Malard Vaccination Center,615,437,415,200,22,0.0503
2022-02-16,MLD-05,Chelab Rural Vaccination Center,448,378,322,126,56,0.1481
2022-02-17,MLD-01,Malard Central Health Center,726,601,502,224,99,0.1647
2022-02-17,MLD-02,Sabashahr Health Center,618,523,424,194,99,0.1893
2022-02-17,MLD-03,Vahedieh Health Center,626,485,416,210,69,0.1423
2022-02-17,MLD-04,Sadeghieh-e Malard Vaccination Center,520,406,339,181,67,0.165
2022-02-17,MLD-05,Chelab Rural Vaccination Center,329,244,204,125,40,0.1639
2022-02-18,MLD-01,Malard Central Health Center,302,221,199,103,22,0.0995
2022-02-18,MLD-02,Sabashahr Health Center,241,193,174,67,19,0.0984
2022-02-18,MLD-03,Vahedieh Health Center,222,140,122,100,18,0.1286
2022-02-18,MLD-04,Sadeghieh-e Malard Vaccination Center,226,188,164,62,24,0.1277
2022-02-18,MLD-05,Chelab Rural Vaccination Center,161,112,99,62,13,0.1161
2022-02-19,MLD-01,Malard Central Health Center,908,717,666,242,51,0.0711
2022-02-19,MLD-02,Sabashahr Health Center,721,521,446,275,75,0.144
2022-02-19,MLD-03,Vahedieh Health Center,616,449,408,208,41,0.0913
2022-02-19,MLD-04,Sadeghieh-e Malard Vaccination Center,575,424,367,208,57,0.1344
2022-02-19,MLD-05,Chelab Rural Vaccination Center,491,376,328,163,48,0.1277
2022-02-20,MLD-01,Malard Central Health Center,867,725,609,258,116,0.16
2022-02-20,MLD-02,Sabashahr Health Center,826,540,484,342,56,0.1037
2022-02-20,MLD-03,Vahedieh Health Center,632,465,418,214,47,0.1011
2022-02-20,MLD-04,Sadeghieh-e Malard Vaccination Center,600,444,408,192,36,0.0811
2022-02-20,MLD-05,Chelab Rural Vaccination Center,413,321,276,137,45,0.1402
2022-02-21,MLD-01,Malard Central Health Center,797,646,572,225,74,0.1146
2022-02-21,MLD-02,Sabashahr Health Center,831,729,642,189,87,0.1193
2022-02-21,MLD-03,Vahedieh Health Center,636,496,427,209,69,0.1391
2022-02-21,MLD-04,Sadeghieh-e Malard Vaccination Center,702,502,469,233,33,0.0657
2022-02-21,MLD-05,Chelab Rural Vaccination Center,415,339,292,123,47,0.1386
2022-02-22,MLD-01,Malard Central Health Center,974,624,591,383,33,0.0529
2022-02-22,MLD-02,Sabashahr Health Center,758,650,579,179,71,0.1092
2022-02-22,MLD-03,Vahedieh Health Center,626,442,419,207,23,0.052
2022-02-22,MLD-04,Sadeghieh-e Malard Vaccination Center,532,334,292,240,42,0.1257
2022-02-22,MLD-05,Chelab Rural Vaccination Center,464,331,292,172,39,0.1178
2022-02-23,MLD-01,Malard Central Health Center,872,673,598,274,75,0.1114
2022-02-23,MLD-02,Sabashahr Health Center,709,585,521,188,64,0.1094
2022-02-23,MLD-03,Vahedieh Health Center,636,443,404,232,39,0.088
2022-02-23,MLD-04,Sadeghieh-e Malard Vaccination Center,627,498,423,204,75,0.1506
2022-02-23,MLD-05,Chelab Rural Vaccination Center,487,376,339,148,37,0.0984
2022-02-24,MLD-01,Malard Central Health Center,699,473,413,286,60,0.1268
2022-02-24,MLD-02,Sabashahr Health Center,689,543,465,224,78,0.1436
2022-02-24,MLD-03,Vahedieh Health Center,542,439,376,166,63,0.1435
2022-02-24,MLD-04,Sadeghieh-e Malard Vaccination Center,489,363,308,181,55,0.1515
2022-02-24,MLD-05,Chelab Rural Vaccination Center,412,323,277,135,46,0.1424
2022-02-25,MLD-01,Malard Central Health Center,322,257,225,97,32,0.1245
2022-02-25,MLD-02,Sabashahr Health Center,266,229,200,66,29,0.1266
2022-02-25,MLD-03,Vahedieh Health Center,226,158,137,89,21,0.1329
2022-02-25,MLD-04,Sadeghieh-e Malard Vaccination Center,206,141,118,88,23,0.1631
2022-02-25,MLD-05,Chelab Rural Vaccination Center,146,109,94,52,15,0.1376
2022-02-26,MLD-01,Malard Central Health Center,818,687,611,207,76,0.1106
2022-02-26,MLD-02,Sabashahr Health Center,682,552,488,194,64,0.1159
2022-02-26,MLD-03,Vahedieh Health Center,696,551,476,220,75,0.1361
2022-02-26,MLD-04,Sadeghieh-e Malard Vaccination Center,667,599,493,174,106,0.177
2022-02-26,MLD-05,Chelab Rural Vaccination Center,442,274,243,199,31,0.1131
2022-02-27,MLD-01,Malard Central Health Center,791,629,556,235,73,0.1161
2022-02-27,MLD-02,Sabashahr Health Center,709,495,438,271,57,0.1152
2022-02-27,MLD-03,Vahedieh Health Center,681,537,475,206,62,0.1155
2022-02-27,MLD-04,Sadeghieh-e Malard Vaccination Center,627,532,487,140,45,0.0846
2022-02-27,MLD-05,Chelab Rural Vaccination Center,490,428,371,119,57,0.1332
2022-02-28,MLD-01,Malard Central Health Center,941,648,587,354,61,0.0941
2022-02-28,MLD-02,Sabashahr Health Center,780,585,518,262,67,0.1145
2022-02-28,MLD-03,Vahedieh Health Center,587,424,397,190,27,0.0637
2022-02-28,MLD-04,Sadeghieh-e Malard Vaccination Center,544,344,303,241,41,0.1192
2022-02-28,MLD-05,Chelab Rural Vaccination Center,432,317,302,130,15,0.0473
2022-03-01,MLD-01,Malard Central Health Center,870,698,595,275,103,0.1476
2022-03-01,MLD-02,Sabashahr Health Center,705,579,491,214,88,0.152
2022-03-01,MLD-03,Vahedieh Health Center,622,501,428,194,73,0.1457
2022-03-01,MLD-04,Sadeghieh-e Malard Vaccination Center,643,500,428,215,72,0.144
2022-03-01,MLD-05,Chelab Rural Vaccination Center,477,346,316,161,30,0.0867
2022-03-02,MLD-01,Malard Central Health Center,806,661,562,244,99,0.1498
2022-03-02,MLD-02,Sabashahr Health Center,708,442,393,315,49,0.1109
2022-03-02,MLD-03,Vahedieh Health Center,655,479,422,233,57,0.119
2022-03-02,MLD-04,Sadeghieh-e Malard Vaccination Center,643,503,444,199,59,0.1173
2022-03-02,MLD-05,Chelab Rural Vaccination Center,452,346,305,147,41,0.1185
2022-03-03,MLD-01,Malard Central Health Center,704,519,461,243,58,0.1118
2022-03-03,MLD-02,Sabashahr Health Center,574,498,410,164,88,0.1767
2022-03-03,MLD-03,Vahedieh Health Center,514,392,330,184,62,0.1582
2022-03-03,MLD-04,Sadeghieh-e Malard Vaccination Center,559,511,403,156,108,0.2114
2022-03-03,MLD-05,Chelab Rural Vaccination Center,363,304,238,125,66,0.2171
2022-03-04,MLD-01,Malard Central Health Center,304,224,197,107,27,0.1205
2022-03-04,MLD-02,Sabashahr Health Center,236,178,157,79,21,0.118
2022-03-04,MLD-03,Vahedieh Health Center,203,157,133,70,24,0.1529
2022-03-04,MLD-04,Sadeghieh-e Malard Vaccination Center,197,154,136,61,18,0.1169
2022-03-04,MLD-05,Chelab Rural Vaccination Center,156,100,88,68,12,0.12
2022-03-05,MLD-01,Malard Central Health Center,869,772,667,202,105,0.136
2022-03-05,MLD-02,Sabashahr Health Center,642,501,423,219,78,0.1557
2022-03-05,MLD-03,Vahedieh Health Center,594,476,436,158,40,0.084
2022-03-05,MLD-04,Sadeghieh-e Malard Vaccination Center,581,442,396,185,46,0.1041
2022-03-05,MLD-05,Chelab Rural Vaccination Center,421,312,277,144,35,0.1122
2022-03-06,MLD-01,Malard Central Health Center,794,678,578,216,100,0.1475
2022-03-06,MLD-02,Sabashahr Health Center,690,556,497,193,59,0.1061
2022-03-06,MLD-03,Vahedieh Health Center,671,505,454,217,51,0.101
2022-03-06,MLD-04,Sadeghieh-e Malard Vaccination Center,495,389,335,160,54,0.1388
2022-03-06,MLD-05,Chelab Rural Vaccination Center,400,300,258,142,42,0.14
2022-03-07,MLD-01,Malard Central Health Center,757,524,463,294,61,0.1164
2022-03-07,MLD-02,Sabashahr Health Center,782,610,519,263,91,0.1492
2022-03-07,MLD-03,Vahedieh Health Center,572,462,422,150,40,0.0866
2022-03-07,MLD-04,Sadeghieh-e Malard Vaccination Center,543,326,312,231,14,0.0429
2022-03-07,MLD-05,Chelab Rural Vaccination Center,387,267,243,144,24,0.0899
2022-03-08,MLD-01,Malard Central Health Center,769,604,544,225,60,0.0993
2022-03-08,MLD-02,Sabashahr Health Center,625,471,397,228,74,0.1571
2022-03-08,MLD-03,Vahedieh Health Center,616,452,417,199,35,0.0774
2022-03-08,MLD-04,Sadeghieh-e Malard Vaccination Center,616,473,407,209,66,0.1395
2022-03-08,MLD-05,Chelab Rural Vaccination Center,362,289,249,113,40,0.1384
2022-03-09,MLD-01,Malard Central Health Center,760,533,490,270,43,0.0807
2022-03-09,MLD-02,Sabashahr Health Center,680,542,502,178,40,0.0738
2022-03-09,MLD-03,Vahedieh Health Center,591,516,447,144,69,0.1337
2022-03-09,MLD-04,Sadeghieh-e Malard Vaccination Center,521,333,294,227,39,0.1171
2022-03-09,MLD-05,Chelab Rural Vaccination Center,410,302,272,138,30,0.0993
2022-03-10,MLD-01,Malard Central Health Center,717,602,510,207,92,0.1528
2022-03-10,MLD-02,Sabashahr Health Center,552,453,363,189,90,0.1987
2022-03-10,MLD-03,Vahedieh Health Center,442,330,283,159,47,0.1424
2022-03-10,MLD-04,Sadeghieh-e Malard Vaccination Center,474,369,297,177,72,0.1951
2022-03-10,MLD-05,Chelab Rural Vaccination Center,304,227,186,118,41,0.1806
2022-03-11,MLD-01,Malard Central Health Center,261,203,180,81,23,0.1133
2022-03-11,MLD-02,Sabashahr Health Center,213,166,137,76,29,0.1747
2022-03-11,MLD-03,Vahedieh Health Center,186,139,124,62,15,0.1079
2022-03-11,MLD-04,Sadeghieh-e Malard Vaccination Center,214,161,148,66,13,0.0807
2022-03-11,MLD-05,Chelab Rural Vaccination Center,131,87,82,49,5,0.0575
2022-03-12,MLD-01,Malard Central Health Center,697,493,445,252,48,0.0974
2022-03-12,MLD-02,Sabashahr Health Center,652,464,423,229,41,0.0884
2022-03-12,MLD-03,Vahedieh Health Center,572,476,403,169,73,0.1534
2022-03-12,MLD-04,Sadeghieh-e Malard Vaccination Center,520,353,325,195,28,0.0793
2022-03-12,MLD-05,Chelab Rural Vaccination Center,356,266,236,120,30,0.1128
2022-03-13,MLD-01,Malard Central Health Center,762,590,518,244,72,0.122
2022-03-13,MLD-02,Sabashahr Health Center,596,516,426,170,90,0.1744
2022-03-13,MLD-03,Vahedieh Health Center,557,401,364,193,37,0.0923
2022-03-13,MLD-04,Sadeghieh-e Malard Vaccination Center,529,437,376,153,61,0.1396
2022-03-13,MLD-05,Chelab Rural Vaccination Center,363,278,242,121,36,0.1295
2022-03-14,MLD-01,Malard Central Health Center,719,568,502,217,66,0.1162
2022-03-14,MLD-02,Sabashahr Health Center,630,506,459,171,47,0.0929
2022-03-14,MLD-03,Vahedieh Health Center,617,433,400,217,33,0.0762
2022-03-14,MLD-04,Sadeghieh-e Malard Vaccination Center,529,358,336,193,22,0.0615
2022-03-14,MLD-05,Chelab Rural Vaccination Center,292,219,198,94,21,0.0959
2022-03-15,MLD-01,Malard Central Health Center,711,454,424,287,30,0.0661
2022-03-15,MLD-02,Sabashahr Health Center,583,399,362,221,37,0.0927
2022-03-15,MLD-03,Vahedieh Health Center,532,424,370,162,54,0.1274
2022-03-15,MLD-04,Sadeghieh-e Malard Vaccination Center,519,380,334,185,46,0.1211
2022-03-15,MLD-05,Chelab Rural Vaccination Center,378,294,258,120,36,0.1224
2022-03-16,MLD-01,Malard Central Health Center,678,504,437,241,67,0.1329
2022-03-16,MLD-02,Sabashahr Health Center,617,570,474,143,96,0.1684
2022-03-16,MLD-03,Vahedieh Health Center,576,408,367,209,41,0.1005
2022-03-16,MLD-04,Sadeghieh-e Malard Vaccination Center,457,362,307,150,55,0.1519
2022-03-16,MLD-05,Chelab Rural Vaccination Center,336,270,238,98,32,0.1185
2022-03-17,MLD-01,Malard Central Health Center,585,493,419,166,74,0.1501
2022-03-17,MLD-02,Sabashahr Health Center,532,478,403,129,75,0.1569
2022-03-17,MLD-03,Vahedieh Health Center,479,475,360,119,115,0.2421
2022-03-17,MLD-04,Sadeghieh-e Malard Vaccination Center,398,403,327,71,76,0.1886
2022-03-17,MLD-05,Chelab Rural Vaccination Center,296,232,189,107,43,0.1853
2022-03-18,MLD-01,Malard Central Health Center,239,180,153,86,27,0.15
2022-03-18,MLD-02,Sabashahr Health Center,211,164,146,65,18,0.1098
2022-03-18,MLD-03,Vahedieh Health Center,170,138,122,48,16,0.1159
2022-03-18,MLD-04,Sadeghieh-e Malard Vaccination Center,165,145,125,40,20,0.1379
2022-03-18,MLD-05,Chelab Rural Vaccination Center,138,118,102,36,16,0.1356
2022-03-19,MLD-01,Malard Central Health Center,713,489,425,288,64,0.1309
2022-03-19,MLD-02,Sabashahr Health Center,612,441,406,206,35,0.0794
2022-03-19,MLD-03,Vahedieh Health Center,447,348,296,151,52,0.1494
2022-03-19,MLD-04,Sadeghieh-e Malard Vaccination Center,536,414,359,177,55,0.1329
2022-03-19,MLD-05,Chelab Rural Vaccination Center,343,287,253,90,34,0.1185
2022-03-20,MLD-01,Malard Central Health Center,704,586,527,177,59,0.1007
2022-03-20,MLD-02,Sabashahr Health Center,591,484,418,173,66,0.1364
2022-03-20,MLD-03,Vahedieh Health Center,541,416,376,165,40,0.0962
2022-03-20,MLD-04,Sadeghieh-e Malard Vaccination Center,451,362,329,122,33,0.0912
2022-03-20,MLD-05,Chelab Rural Vaccination Center,334,255,242,92,13,0.051
2022-03-21,MLD-01,Malard Central Health Center,671,528,473,198,55,0.1042
2022-03-21,MLD-02,Sabashahr Health Center,624,531,453,171,78,0.1469
2022-03-21,MLD-03,Vahedieh Health Center,467,376,319,148,57,0.1516
2022-03-21,MLD-04,Sadeghieh-e Malard Vaccination Center,487,415,347,140,68,0.1639
2022-03-21,MLD-05,Chelab Rural Vaccination Center,294,232,207,87,25,0.1078
2022-03-22,MLD-01,Malard Central Health Center,626,523,480,146,43,0.0822
2022-03-22,MLD-02,Sabashahr Health Center,583,426,368,215,58,0.1362
2022-03-22,MLD-03,Vahedieh Health Center,467,345,316,151,29,0.0841
2022-03-22,MLD-04,Sadeghieh-e Malard Vaccination Center,437,316,281,156,35,0.1108
2022-03-22,MLD-05,Chelab Rural Vaccination Center,387,317,287,100,30,0.0946
2022-03-23,MLD-01,Malard Central Health Center,700,594,505,195,89,0.1498
2022-03-23,MLD-02,Sabashahr Health Center,582,428,379,203,49,0.1145
2022-03-23,MLD-03,Vahedieh Health Center,425,357,320,105,37,0.1036
2022-03-23,MLD-04,Sadeghieh-e Malard Vaccination Center,416,303,269,147,34,0.1122
2022-03-23,MLD-05,Chelab Rural Vaccination Center,369,346,298,71,48,0.1387
2022-03-24,MLD-01,Malard Central Health Center,463,362,305,158,57,0.1575
2022-03-24,MLD-02,Sabashahr Health Center,445,399,328,117,71,0.1779
2022-03-24,MLD-03,Vahedieh Health Center,410,363,287,123,76,0.2094
2022-03-24,MLD-04,Sadeghieh-e Malard Vaccination Center,430,361,305,125,56,0.1551
2022-03-24,MLD-05,Chelab Rural Vaccination Center,299,301,243,56,58,0.1927
2022-03-25,MLD-01,Malard Central Health Center,208,148,139,69,9,0.0608
2022-03-25,MLD-02,Sabashahr Health Center,182,154,135,47,19,0.1234
2022-03-25,MLD-03,Vahedieh Health Center,152,111,102,50,9,0.0811
2022-03-25,MLD-04,Sadeghieh-e Malard Vaccination Center,170,120,110,60,10,0.0833
2022-03-25,MLD-05,Chelab Rural Vaccination Center,114,85,80,34,5,0.0588
2022-03-26,MLD-01,Malard Central Health Center,637,512,462,175,50,0.0977
2022-03-26,MLD-02,Sabashahr Health Center,476,376,327,149,49,0.1303
2022-03-26,MLD-03,Vahedieh Health Center,414,280,269,145,11,0.0393
2022-03-26,MLD-04,Sadeghieh-e Malard Vaccination Center,439,311,268,171,43,0.1383
2022-03-26,MLD-05,Chelab Rural Vaccination Center,346,231,212,134,19,0.0823
2022-03-27,MLD-01,Malard Central Health Center,646,512,474,172,38,0.0742
2022-03-27,MLD-02,Sabashahr Health Center,509,405,339,170,66,0.163
2022-03-27,MLD-03,Vahedieh Health Center,419,310,273,146,37,0.1194
2022-03-27,MLD-04,Sadeghieh-e Malard Vaccination Center,433,355,313,120,42,0.1183
2022-03-27,MLD-05,Chelab Rural Vaccination Center,286,229,199,87,30,0.131
2022-03-28,MLD-01,Malard Central Health Center,577,462,402,175,60,0.1299
2022-03-28,MLD-02,Sabashahr Health Center,474,401,356,118,45,0.1122
2022-03-28,MLD-03,Vahedieh Health Center,491,285,254,237,31,0.1088
2022-03-28,MLD-04,Sadeghieh-e Malard Vaccination Center,408,287,266,142,21,0.0732
2022-03-28,MLD-05,Chelab Rural Vaccination Center,318,266,232,86,34,0.1278
2022-03-29,MLD-01,Malard Central Health Center,696,612,518,178,94,0.1536
2022-03-29,MLD-02,Sabashahr Health Center,498,413,360,138,53,0.1283
2022-03-29,MLD-03,Vahedieh Health Center,418,310,258,160,52,0.1677
2022-03-29,MLD-04,Sadeghieh-e Malard Vaccination Center,379,272,245,134,27,0.0993
2022-03-29,MLD-05,Chelab Rural Vaccination Center,254,184,171,83,13,0.0707
2022-03-30,MLD-01,Malard Central Health Center,621,430,397,224,33,0.0767
2022-03-30,MLD-02,Sabashahr Health Center,533,393,345,188,48,0.1221
2022-03-30,MLD-03,Vahedieh Health Center,383,315,266,117,49,0.1556
2022-03-30,MLD-04,Sadeghieh-e Malard Vaccination Center,384,277,244,140,33,0.1191
2022-03-30,MLD-05,Chelab Rural Vaccination Center,290,234,210,80,24,0.1026
2022-03-31,MLD-01,Malard Central Health Center,506,475,381,125,94,0.1979
2022-03-31,MLD-02,Sabashahr Health Center,431,391,324,107,67,0.1714
2022-03-31,MLD-03,Vahedieh Health Center,338,276,240,98,36,0.1304
2022-03-31,MLD-04,Sadeghieh-e Malard Vaccination Center,327,276,242,85,34,0.1232
2022-03-31,MLD-05,Chelab Rural Vaccination Center,252,216,181,71,35,0.162
2022-04-01,MLD-01,Malard Central Health Center,195,152,134,61,18,0.1184
2022-04-01,MLD-02,Sabashahr Health Center,176,145,122,54,23,0.1586
2022-04-01,MLD-03,Vahedieh Health Center,157,134,118,39,16,0.1194
2022-04-01,MLD-04,Sadeghieh-e Malard Vaccination Center,121,93,81,40,12,0.129
2022-04-01,MLD-05,Chelab Rural Vaccination Center,91,69,62,29,7,0.1014
2022-04-02,MLD-01,Malard Central Health Center,538,503,450,88,53,0.1054
2022-04-02,MLD-02,Sabashahr Health Center,476,358,323,153,35,0.0978
2022-04-02,MLD-03,Vahedieh Health Center,364,286,247,117,39,0.1364
2022-04-02,MLD-04,Sadeghieh-e Malard Vaccination Center,430,347,316,114,31,0.0893
2022-04-02,MLD-05,Chelab Rural Vaccination Center,274,206,178,96,28,0.1359
2022-04-03,MLD-01,Malard Central Health Center,544,485,425,119,60,0.1237
2022-04-03,MLD-02,Sabashahr Health Center,483,399,349,134,50,0.1253
2022-04-03,MLD-03,Vahedieh Health Center,395,308,280,115,28,0.0909
2022-04-03,MLD-04,Sadeghieh-e Malard Vaccination Center,383,260,244,139,16,0.0615
2022-04-03,MLD-05,Chelab Rural Vaccination Center,269,227,197,72,30,0.1322
2022-04-04,MLD-01,Malard Central Health Center,570,399,384,186,15,0.0376
2022-04-04,MLD-02,Sabashahr Health Center,449,350,314,135,36,0.1029
2022-04-04,MLD-03,Vahedieh Health Center,373,305,271,102,34,0.1115
2022-04-04,MLD-04,Sadeghieh-e Malard Vaccination Center,372,290,257,115,33,0.1138
2022-04-04,MLD-05,Chelab Rural Vaccination Center,269,208,187,82,21,0.101
2022-04-05,MLD-01,Malard Central Health Center,445,384,362,83,22,0.0573
2022-04-05,MLD-02,Sabashahr Health Center,495,370,342,153,28,0.0757
2022-04-05,MLD-03,Vahedieh Health Center,395,315,277,118,38,0.1206
2022-04-05,MLD-04,Sadeghieh-e Malard Vaccination Center,365,265,244,121,21,0.0792
2022-04-05,MLD-05,Chelab Rural Vaccination Center,279,225,193,86,32,0.1422
2022-04-06,MLD-01,Malard Central Health Center,535,448,404,131,44,0.0982
2022-04-06,MLD-02,Sabashahr Health Center,420,374,323,97,51,0.1364
2022-04-06,MLD-03,Vahedieh Health Center,372,320,284,88,36,0.1125
2022-04-06,MLD-04,Sadeghieh-e Malard Vaccination Center,335,266,226,109,40,0.1504
2022-04-06,MLD-05,Chelab Rural Vaccination Center,267,239,209,58,30,0.1255
2022-04-07,MLD-01,Malard Central Health Center,407,348,283,124,65,0.1868
2022-04-07,MLD-02,Sabashahr Health Center,417,344,274,143,70,0.2035
2022-04-07,MLD-03,Vahedieh Health Center,306,257,216,90,41,0.1595
2022-04-07,MLD-04,Sadeghieh-e Malard Vaccination Center,279,230,185,94,45,0.1957
2022-04-07,MLD-05,Chelab Rural Vaccination Center,220,182,149,71,33,0.1813
2022-04-08,MLD-01,Malard Central Health Center,155,119,107,48,12,0.1008
2022-04-08,MLD-02,Sabashahr Health Center,150,118,107,43,11,0.0932
2022-04-08,MLD-03,Vahedieh Health Center,121,99,92,29,7,0.0707
2022-04-08,MLD-04,Sadeghieh-e Malard Vaccination Center,126,108,90,36,18,0.1667
2022-04-08,MLD-05,Chelab Rural Vaccination Center,89,73,67,22,6,0.0822
2022-04-09,MLD-01,Malard Central Health Center,482,367,344,138,23,0.0627
2022-04-09,MLD-02,Sabashahr Health Center,422,340,308,114,32,0.0941
2022-04-09,MLD-03,Vahedieh Health Center,378,309,275,103,34,0.11
2022-04-09,MLD-04,Sadeghieh-e Malard Vaccination Center,328,228,205,123,23,0.1009
2022-04-09,MLD-05,Chelab Rural Vaccination Center,229,184,166,63,18,0.0978
2022-04-10,MLD-01,Malard Central Health Center,409,303,276,133,27,0.0891
2022-04-10,MLD-02,Sabashahr Health Center,434,370,307,127,63,0.1703
2022-04-10,MLD-03,Vahedieh Health Center,325,275,238,87,37,0.1345
2022-04-10,MLD-04,Sadeghieh-e Malard Vaccination Center,352,286,268,84,18,0.0629
2022-04-10,MLD-05,Chelab Rural Vaccination Center,242,185,167,75,18,0.0973
2022-04-11,MLD-01,Malard Central Health Center,467,435,361,106,74,0.1701
2022-04-11,MLD-02,Sabashahr Health Center,398,369,312,86,57,0.1545
2022-04-11,MLD-03,Vahedieh Health Center,339,290,254,85,36,0.1241
2022-04-11,MLD-04,Sadeghieh-e Malard Vaccination Center,284,182,162,122,20,0.1099
2022-04-11,MLD-05,Chelab Rural Vaccination Center,232,202,170,62,32,0.1584
2022-04-12,MLD-01,Malard Central Health Center,417,374,325,92,49,0.131
2022-04-12,MLD-02,Sabashahr Health Center,371,270,235,136,35,0.1296
2022-04-12,MLD-03,Vahedieh Health Center,351,264,219,132,45,0.1705
2022-04-12,MLD-04,Sadeghieh-e Malard Vaccination Center,311,260,221,90,39,0.15
2022-04-12,MLD-05,Chelab Rural Vaccination Center,213,169,149,64,20,0.1183
2022-04-13,MLD-01,Malard Central Health Center,442,312,279,163,33,0.1058
2022-04-13,MLD-02,Sabashahr Health Center,404,309,284,120,25,0.0809
2022-04-13,MLD-03,Vahedieh Health Center,324,240,209,115,31,0.1292
2022-04-13,MLD-04,Sadeghieh-e Malard Vaccination Center,251,197,183,68,14,0.0711
2022-04-13,MLD-05,Chelab Rural Vaccination Center,215,188,161,54,27,0.1436
2022-04-14,MLD-01,Malard Central Health Center,387,327,289,98,38,0.1162
2022-04-14,MLD-02,Sabashahr Health Center,282,245,196,86,49,0.2
2022-04-14,MLD-03,Vahedieh Health Center,292,259,204,88,55,0.2124
2022-04-14,MLD-04,Sadeghieh-e Malard Vaccination Center,252,183,159,93,24,0.1311
2022-04-14,MLD-05,Chelab Rural Vaccination Center,156,120,108,48,12,0.1
2022-04-15,MLD-01,Malard Central Health Center,134,105,100,34,5,0.0476
2022-04-15,MLD-02,Sabashahr Health Center,143,124,114,29,10,0.0806
2022-04-15,MLD-03,Vahedieh Health Center,118,101,92,26,9,0.0891
2022-04-15,MLD-04,Sadeghieh-e Malard Vaccination Center,87,68,63,24,5,0.0735
2022-04-15,MLD-05,Chelab Rural Vaccination Center,68,61,52,16,9,0.1475
2022-04-16,MLD-01,Malard Central Health Center,385,318,301,84,17,0.0535
2022-04-16,MLD-02,Sabashahr Health Center,367,276,246,121,30,0.1087
2022-04-16,MLD-03,Vahedieh Health Center,290,224,201,89,23,0.1027
2022-04-16,MLD-04,Sadeghieh-e Malard Vaccination Center,280,243,209,71,34,0.1399
2022-04-16,MLD-05,Chelab Rural Vaccination Center,210,175,157,53,18,0.1029
2022-04-17,MLD-01,Malard Central Health Center,414,359,332,82,27,0.0752
2022-04-17,MLD-02,Sabashahr Health Center,318,245,215,103,30,0.1224
2022-04-17,MLD-03,Vahedieh Health Center,267,213,186,81,27,0.1268
2022-04-17,MLD-04,Sadeghieh-e Malard Vaccination Center,282,221,205,77,16,0.0724
2022-04-17,MLD-05,Chelab Rural Vaccination Center,187,162,139,48,23,0.142
2022-04-18,MLD-01,Malard Central Health Center,381,303,274,107,29,0.0957
2022-04-18,MLD-02,Sabashahr Health Center,376,298,272,104,26,0.0872
2022-04-18,MLD-03,Vahedieh Health Center,233,188,169,64,19,0.1011
2022-04-18,MLD-04,Sadeghieh-e Malard Vaccination Center,272,242,214,58,28,0.1157
2022-04-18,MLD-05,Chelab Rural Vaccination Center,186,155,136,50,19,0.1226
2022-04-19,MLD-01,Malard Central Health Center,366,299,258,108,41,0.1371
2022-04-19,MLD-02,Sabashahr Health Center,298,223,205,93,18,0.0807
2022-04-19,MLD-03,Vahedieh Health Center,301,245,220,81,25,0.102
2022-04-19,MLD-04,Sadeghieh-e Malard Vaccination Center,251,202,179,72,23,0.1139
2022-04-19,MLD-05,Chelab Rural Vaccination Center,216,183,163,53,20,0.1093
2022-04-20,MLD-01,Malard Central Health Center,337,282,252,85,30,0.1064
2022-04-20,MLD-02,Sabashahr Health Center,335,257,234,101,23,0.0895
2022-04-20,MLD-03,Vahedieh Health Center,267,206,183,84,23,0.1117
2022-04-20,MLD-04,Sadeghieh-e Malard Vaccination Center,265,196,173,92,23,0.1173
2022-04-20,MLD-05,Chelab Rural Vaccination Center,198,155,142,56,13,0.0839
2022-04-21,MLD-01,Malard Central Health Center,316,277,227,89,50,0.1805
2022-04-21,MLD-02,Sabashahr Health Center,305,239,207,98,32,0.1339
2022-04-21,MLD-03,Vahedieh Health Center,214,197,166,48,31,0.1574
2022-04-21,MLD-04,Sadeghieh-e Malard Vaccination Center,182,164,143,39,21,0.128
2022-04-21,MLD-05,Chelab Rural Vaccination Center,169,151,124,45,27,0.1788
2022-04-22,MLD-01,Malard Central Health Center,130,117,101,29,16,0.1368
2022-04-22,MLD-02,Sabashahr Health Center,110,90,80,30,10,0.1111
2022-04-22,MLD-03,Vahedieh Health Center,88,72,63,25,9,0.125
2022-04-22,MLD-04,Sadeghieh-e Malard Vaccination Center,89,70,64,25,6,0.0857
2022-04-22,MLD-05,Chelab Rural Vaccination Center,67,53,49,18,4,0.0755
2022-04-23,MLD-01,Malard Central Health Center,335,311,290,45,21,0.0675
2022-04-23,MLD-02,Sabashahr Health Center,336,278,240,96,38,0.1367
2022-04-23,MLD-03,Vahedieh Health Center,271,236,204,67,32,0.1356
2022-04-23,MLD-04,Sadeghieh-e Malard Vaccination Center,238,182,167,71,15,0.0824
2022-04-23,MLD-05,Chelab Rural Vaccination Center,186,163,143,43,20,0.1227
2022-04-24,MLD-01,Malard Central Health Center,337,226,200,137,26,0.115
2022-04-24,MLD-02,Sabashahr Health Center,322,256,223,99,33,0.1289
2022-04-24,MLD-03,Vahedieh Health Center,269,244,219,50,25,0.1025
2022-04-24,MLD-04,Sadeghieh-e Malard Vaccination Center,236,184,163,73,21,0.1141
2022-04-24,MLD-05,Chelab Rural Vaccination Center,188,142,129,59,13,0.0915
2022-04-25,MLD-01,Malard Central Health Center,332,267,231,101,36,0.1348
2022-04-25,MLD-02,Sabashahr Health Center,295,210,184,111,26,0.1238
2022-04-25,MLD-03,Vahedieh Health Center,261,231,197,64,34,0.1472
2022-04-25,MLD-04,Sadeghieh-e Malard Vaccination Center,250,240,203,47,37,0.1542
2022-04-25,MLD-05,Chelab Rural Vaccination Center,196,158,141,55,17,0.1076
2022-04-26,MLD-01,Malard Central Health Center,345,292,265,80,27,0.0925
2022-04-26,MLD-02,Sabashahr Health Center,275,234,201,74,33,0.141
2022-04-26,MLD-03,Vahedieh Health Center,239,211,181,58,30,0.1422
2022-04-26,MLD-04,Sadeghieh-e Malard Vaccination Center,248,179,159,89,20,0.1117
2022-04-26,MLD-05,Chelab Rural Vaccination Center,189,178,148,41,30,0.1685
2022-04-27,MLD-01,Malard Central Health Center,332,293,257,75,36,0.1229
2022-04-27,MLD-02,Sabashahr Health Center,312,266,241,71,25,0.094
2022-04-27,MLD-03,Vahedieh Health Center,222,192,161,61,31,0.1615
2022-04-27,MLD-04,Sadeghieh-e Malard Vaccination Center,249,225,199,50,26,0.1156
2022-04-27,MLD-05,Chelab Rural Vaccination Center,177,166,142,35,24,0.1446
2022-04-28,MLD-01,Malard Central Health Center,288,231,202,86,29,0.1255
2022-04-28,MLD-02,Sabashahr Health Center,242,216,181,61,35,0.162
2022-04-28,MLD-03,Vahedieh Health Center,181,184,146,35,38,0.2065
2022-04-28,MLD-04,Sadeghieh-e Malard Vaccination Center,190,168,136,54,32,0.1905
2022-04-28,MLD-05,Chelab Rural Vaccination Center,156,152,128,28,24,0.1579
2022-04-29,MLD-01,Malard Central Health Center,106,97,84,22,13,0.134
2022-04-29,MLD-02,Sabashahr Health Center,106,86,78,28,8,0.093
2022-04-29,MLD-03,Vahedieh Health Center,78,59,54,24,5,0.0847
2022-04-29,MLD-04,Sadeghieh-e Malard Vaccination Center,89,65,60,29,5,0.0769
2022-04-29,MLD-05,Chelab Rural Vaccination Center,54,46,41,13,5,0.1087
2022-04-30,MLD-01,Malard Central Health Center,311,298,259,52,39,0.1309
2022-04-30,MLD-02,Sabashahr Health Center,281,254,222,59,32,0.126
2022-04-30,MLD-03,Vahedieh Health Center,208,174,154,54,20,0.1149
2022-04-30,MLD-04,Sadeghieh-e Malard Vaccination Center,224,217,179,45,38,0.1751
2022-04-30,MLD-05,Chelab Rural Vaccination Center,187,154,140,47,14,0.0909
2022-05-01,MLD-01,Malard Central Health Center,331,304,250,81,54,0.1776
2022-05-01,MLD-02,Sabashahr Health Center,259,212,199,60,13,0.0613
2022-05-01,MLD-03,Vahedieh Health Center,220,193,166,54,27,0.1399
2022-05-01,MLD-04,Sadeghieh-e Malard Vaccination Center,203,182,159,44,23,0.1264
2022-05-01,MLD-05,Chelab Rural Vaccination Center,192,162,148,44,14,0.0864
2022-05-02,MLD-01,Malard Central Health Center,312,262,220,92,42,0.1603
2022-05-02,MLD-02,Sabashahr Health Center,274,218,195,79,23,0.1055
2022-05-02,MLD-03,Vahedieh Health Center,264,216,192,72,24,0.1111
2022-05-02,MLD-04,Sadeghieh-e Malard Vaccination Center,216,178,156,60,22,0.1236
2022-05-02,MLD-05,Chelab Rural Vaccination Center,134,105,98,36,7,0.0667
2022-05-03,MLD-01,Malard Central Health Center,311,231,219,92,12,0.0519
2022-05-03,MLD-02,Sabashahr Health Center,286,231,213,73,18,0.0779
2022-05-03,MLD-03,Vahedieh Health Center,227,189,175,52,14,0.0741
2022-05-03,MLD-04,Sadeghieh-e Malard Vaccination Center,205,170,157,48,13,0.0765
2022-05-03,MLD-05,Chelab Rural Vaccination Center,163,143,128,35,15,0.1049
2022-05-04,MLD-01,Malard Central Health Center,319,273,247,72,26,0.0952
2022-05-04,MLD-02,Sabashahr Health Center,265,208,195,70,13,0.0625
2022-05-04,MLD-03,Vahedieh Health Center,231,192,177,54,15,0.0781
2022-05-04,MLD-04,Sadeghieh-e Malard Vaccination Center,201,183,161,40,22,0.1202
2022-05-04,MLD-05,Chelab Rural Vaccination Center,173,151,132,41,19,0.1258
2022-05-05,MLD-01,Malard Central Health Center,298,273,226,72,47,0.1722
2022-05-05,MLD-02,Sabashahr Health Center,235,209,180,55,29,0.1388
2022-05-05,MLD-03,Vahedieh Health Center,178,154,130,48,24,0.1558
2022-05-05,MLD-04,Sadeghieh-e Malard Vaccination Center,170,148,120,50,28,0.1892
2022-05-05,MLD-05,Chelab Rural Vaccination Center,129,138,109,20,29,0.2101
2022-05-06,MLD-01,Malard Central Health Center,107,92,80,27,12,0.1304
2022-05-06,MLD-02,Sabashahr Health Center,97,77,67,30,10,0.1299
2022-05-06,MLD-03,Vahedieh Health Center,83,80,71,12,9,0.1125
2022-05-06,MLD-04,Sadeghieh-e Malard Vaccination Center,70,60,52,18,8,0.1333
2022-05-06,MLD-05,Chelab Rural Vaccination Center,51,40,36,15,4,0.1
2022-05-07,MLD-01,Malard Central Health Center,309,252,219,90,33,0.131
2022-05-07,MLD-02,Sabashahr Health Center,262,232,207,55,25,0.1078
2022-05-07,MLD-03,Vahedieh Health Center,226,177,165,61,12,0.0678
2022-05-07,MLD-04,Sadeghieh-e Malard Vaccination Center,210,165,152,58,13,0.0788
2022-05-07,MLD-05,Chelab Rural Vaccination Center,152,131,114,38,17,0.1298
2022-05-08,MLD-01,Malard Central Health Center,266,234,205,61,29,0.1239
2022-05-08,MLD-02,Sabashahr Health Center,289,224,209,80,15,0.067
2022-05-08,MLD-03,Vahedieh Health Center,231,199,177,54,22,0.1106
2022-05-08,MLD-04,Sadeghieh-e Malard Vaccination Center,205,167,152,53,15,0.0898
2022-05-08,MLD-05,Chelab Rural Vaccination Center,147,122,117,30,5,0.041
2022-05-09,MLD-01,Malard Central Health Center,280,235,203,77,32,0.1362
2022-05-09,MLD-02,Sabashahr Health Center,266,222,206,60,16,0.0721
2022-05-09,MLD-03,Vahedieh Health Center,228,184,167,61,17,0.0924
2022-05-09,MLD-04,Sadeghieh-e Malard Vaccination Center,187,168,144,43,24,0.1429
2022-05-09,MLD-05,Chelab Rural Vaccination Center,163,133,119,44,14,0.1053
2022-05-10,MLD-01,Malard Central Health Center,284,259,216,68,43,0.166
2022-05-10,MLD-02,Sabashahr Health Center,249,236,201,48,35,0.1483
2022-05-10,MLD-03,Vahedieh Health Center,209,187,163,46,24,0.1283
2022-05-10,MLD-04,Sadeghieh-e Malard Vaccination Center,198,185,165,33,20,0.1081
2022-05-10,MLD-05,Chelab Rural Vaccination Center,177,140,123,54,17,0.1214
2022-05-11,MLD-01,Malard Central Health Center,264,218,202,62,16,0.0734
2022-05-11,MLD-02,Sabashahr Health Center,262,197,175,87,22,0.1117
2022-05-11,MLD-03,Vahedieh Health Center,203,177,156,47,21,0.1186
2022-05-11,MLD-04,Sadeghieh-e Malard Vaccination Center,223,168,149,74,19,0.1131
2022-05-11,MLD-05,Chelab Rural Vaccination Center,138,116,100,38,16,0.1379
2022-05-12,MLD-01,Malard Central Health Center,216,174,154,62,20,0.1149
2022-05-12,MLD-02,Sabashahr Health Center,216,185,143,73,42,0.227
2022-05-12,MLD-03,Vahedieh Health Center,191,158,139,52,19,0.1203
2022-05-12,MLD-04,Sadeghieh-e Malard Vaccination Center,141,133,109,32,24,0.1805
2022-05-12,MLD-05,Chelab Rural Vaccination Center,126,119,104,22,15,0.1261
2022-05-13,MLD-01,Malard Central Health Center,101,85,78,23,7,0.0824
2022-05-13,MLD-02,Sabashahr Health Center,79,69,60,19,9,0.1304
2022-05-13,MLD-03,Vahedieh Health Center,64,55,49,15,6,0.1091
2022-05-13,MLD-04,Sadeghieh-e Malard Vaccination Center,70,56,51,19,5,0.0893
2022-05-13,MLD-05,Chelab Rural Vaccination Center,44,34,32,12,2,0.0588
2022-05-14,MLD-01,Malard Central Health Center,283,214,197,86,17,0.0794
2022-05-14,MLD-02,Sabashahr Health Center,234,206,180,54,26,0.1262
2022-05-14,MLD-03,Vahedieh Health Center,187,144,133,54,11,0.0764
2022-05-14,MLD-04,Sadeghieh-e Malard Vaccination Center,180,168,150,30,18,0.1071
2022-05-14,MLD-05,Chelab Rural Vaccination Center,137,128,112,25,16,0.125
2022-05-15,MLD-01,Malard Central Health Center,259,202,181,78,21,0.104
2022-05-15,MLD-02,Sabashahr Health Center,214,195,171,43,24,0.1231
2022-05-15,MLD-03,Vahedieh Health Center,202,171,155,47,16,0.0936
2022-05-15,MLD-04,Sadeghieh-e Malard Vaccination Center,183,164,141,42,23,0.1402
2022-05-15,MLD-05,Chelab Rural Vaccination Center,137,123,109,28,14,0.1138
2022-05-16,MLD-01,Malard Central Health Center,248,190,169,79,21,0.1105
2022-05-16,MLD-02,Sabashahr Health Center,221,201,179,42,22,0.1095
2022-05-16,MLD-03,Vahedieh Health Center,209,193,158,51,35,0.1813
2022-05-16,MLD-04,Sadeghieh-e Malard Vaccination Center,192,151,130,62,21,0.1391
2022-05-16,MLD-05,Chelab Rural Vaccination Center,122,101,91,31,10,0.099
2022-05-17,MLD-01,Malard Central Health Center,254,201,182,72,19,0.0945
2022-05-17,MLD-02,Sabashahr Health Center,205,206,178,27,28,0.1359
2022-05-17,MLD-03,Vahedieh Health Center,178,144,135,43,9,0.0625
2022-05-17,MLD-04,Sadeghieh-e Malard Vaccination Center,192,160,144,48,16,0.1
2022-05-17,MLD-05,Chelab Rural Vaccination Center,138,114,107,31,7,0.0614
2022-05-18,MLD-01,Malard Central Health Center,263,243,217,46,26,0.107
2022-05-18,MLD-02,Sabashahr Health Center,192,151,135,57,16,0.106
2022-05-18,MLD-03,Vahedieh Health Center,194,159,133,61,26,0.1635
2022-05-18,MLD-04,Sadeghieh-e Malard Vaccination Center,179,152,135,44,17,0.1118
2022-05-18,MLD-05,Chelab Rural Vaccination Center,121,100,90,31,10,0.1
2022-05-19,MLD-01,Malard Central Health Center,186,152,134,52,18,0.1184
2022-05-19,MLD-02,Sabashahr Health Center,210,194,160,50,34,0.1753
2022-05-19,MLD-03,Vahedieh Health Center,156,122,106,50,16,0.1311
2022-05-19,MLD-04,Sadeghieh-e Malard Vaccination Center,142,123,106,36,17,0.1382
2022-05-19,MLD-05,Chelab Rural Vaccination Center,101,81,69,32,12,0.1481
2022-05-20,MLD-01,Malard Central Health Center,20,17,16,4,1,0.0588
2022-05-20,MLD-02,Sabashahr Health Center,16,12,11,5,1,0.0833
2022-05-20,MLD-03,Vahedieh Health Center,13,12,11,2,1,0.0833
2022-05-20,MLD-04,Sadeghieh-e Malard Vaccination Center,14,12,11,3,1,0.0833
2022-05-20,MLD-05,Chelab Rural Vaccination Center,10,8,8,2,0,0.0
2022-05-21,MLD-01,Malard Central Health Center,223,187,174,49,13,0.0695
2022-05-21,MLD-02,Sabashahr Health Center,202,201,168,34,33,0.1642
2022-05-21,MLD-03,Vahedieh Health Center,153,139,127,26,12,0.0863
2022-05-21,MLD-04,Sadeghieh-e Malard Vaccination Center,177,144,131,46,13,0.0903
2022-05-21,MLD-05,Chelab Rural Vaccination Center,129,117,94,35,23,0.1966
2022-05-22,MLD-01,Malard Central Health Center,209,176,146,63,30,0.1705
2022-05-22,MLD-02,Sabashahr Health Center,203,161,147,56,14,0.087
2022-05-22,MLD-03,Vahedieh Health Center,168,137,122,46,15,0.1095
2022-05-22,MLD-04,Sadeghieh-e Malard Vaccination Center,173,160,136,37,24,0.15
2022-05-22,MLD-05,Chelab Rural Vaccination Center,125,102,90,35,12,0.1176
2022-05-23,MLD-01,Malard Central Health Center,219,196,170,49,26,0.1327
2022-05-23,MLD-02,Sabashahr Health Center,199,194,171,28,23,0.1186
2022-05-23,MLD-03,Vahedieh Health Center,164,132,123,41,9,0.0682
2022-05-23,MLD-04,Sadeghieh-e Malard Vaccination Center,161,142,129,32,13,0.0915
2022-05-23,MLD-05,Chelab Rural Vaccination Center,118,92,87,31,5,0.0543
2022-05-24,MLD-01,Malard Central Health Center,223,197,185,38,12,0.0609
2022-05-24,MLD-02,Sabashahr Health Center,163,139,120,43,19,0.1367
2022-05-24,MLD-03,Vahedieh Health Center,170,152,136,34,16,0.1053
2022-05-24,MLD-04,Sadeghieh-e Malard Vaccination Center,183,149,133,50,16,0.1074
2022-05-24,MLD-05,Chelab Rural Vaccination Center,126,114,99,27,15,0.1316
2022-05-25,MLD-01,Malard Central Health Center,218,189,171,47,18,0.0952
2022-05-25,MLD-02,Sabashahr Health Center,184,160,148,36,12,0.075
2022-05-25,MLD-03,Vahedieh Health Center,167,142,127,40,15,0.1056
2022-05-25,MLD-04,Sadeghieh-e Malard Vaccination Center,159,126,114,45,12,0.0952
2022-05-25,MLD-05,Chelab Rural Vaccination Center,115,97,89,26,8,0.0825
2022-05-26,MLD-01,Malard Central Health Center,183,162,139,44,23,0.142
2022-05-26,MLD-02,Sabashahr Health Center,164,132,118,46,14,0.1061
2022-05-26,MLD-03,Vahedieh Health Center,133,121,107,26,14,0.1157
2022-05-26,MLD-04,Sadeghieh-e Malard Vaccination Center,134,119,101,33,18,0.1513
2022-05-26,MLD-05,Chelab Rural Vaccination Center,107,100,81,26,19,0.19
2022-05-27,MLD-01,Malard Central Health Center,79,65,59,20,6,0.0923
2022-05-27,MLD-02,Sabashahr Health Center,63,50,46,17,4,0.08
2022-05-27,MLD-03,Vahedieh Health Center,62,54,45,17,9,0.1667
2022-05-27,MLD-04,Sadeghieh-e Malard Vaccination Center,54,44,39,15,5,0.1136
2022-05-27,MLD-05,Chelab Rural Vaccination Center,37,29,26,11,3,0.1034
2022-05-28,MLD-01,Malard Central Health Center,231,205,184,47,21,0.1024
2022-05-28,MLD-02,Sabashahr Health Center,192,172,155,37,17,0.0988
2022-05-28,MLD-03,Vahedieh Health Center,153,123,110,43,13,0.1057
2022-05-28,MLD-04,Sadeghieh-e Malard Vaccination Center,126,115,104,22,11,0.0957
2022-05-28,MLD-05,Chelab Rural Vaccination Center,126,94,86,40,8,0.0851
2022-05-29,MLD-01,Malard Central Health Center,223,206,179,44,27,0.1311
2022-05-29,MLD-02,Sabashahr Health Center,200,160,141,59,19,0.1188
2022-05-29,MLD-03,Vahedieh Health Center,153,135,123,30,12,0.0889
2022-05-29,MLD-04,Sadeghieh-e Malard Vaccination Center,138,118,101,37,17,0.1441
2022-05-29,MLD-05,Chelab Rural Vaccination Center,104,95,86,18,9,0.0947
2022-05-30,MLD-01,Malard Central Health Center,181,151,133,48,18,0.1192
2022-05-30,MLD-02,Sabashahr Health Center,209,162,141,68,21,0.1296
2022-05-30,MLD-03,Vahedieh Health Center,162,135,124,38,11,0.0815
2022-05-30,MLD-04,Sadeghieh-e Malard Vaccination Center,154,123,114,40,9,0.0732
2022-05-30,MLD-05,Chelab Rural Vaccination Center,102,93,82,20,11,0.1183
2022-05-31,MLD-01,Malard Central Health Center,196,179,162,34,17,0.095
2022-05-31,MLD-02,Sabashahr Health Center,186,157,139,47,18,0.1146
2022-05-31,MLD-03,Vahedieh Health Center,148,141,127,21,14,0.0993
2022-05-31,MLD-04,Sadeghieh-e Malard Vaccination Center,159,137,124,35,13,0.0949
2022-05-31,MLD-05,Chelab Rural Vaccination Center,112,90,82,30,8,0.0889
2022-06-01,MLD-01,Malard Central Health Center,223,197,176,47,21,0.1066
2022-06-01,MLD-02,Sabashahr Health Center,180,130,125,55,5,0.0385
2022-06-01,MLD-03,Vahedieh Health Center,147,123,114,33,9,0.0732
2022-06-01,MLD-04,Sadeghieh-e Malard Vaccination Center,140,114,106,34,8,0.0702
2022-06-01,MLD-05,Chelab Rural Vaccination Center,108,107,94,14,13,0.1215
2022-06-02,MLD-01,Malard Central Health Center,169,168,137,32,31,0.1845
2022-06-02,MLD-02,Sabashahr Health Center,144,128,107,37,21,0.1641
2022-06-02,MLD-03,Vahedieh Health Center,144,137,116,28,21,0.1533
2022-06-02,MLD-04,Sadeghieh-e Malard Vaccination Center,122,119,100,22,19,0.1597
2022-06-02,MLD-05,Chelab Rural Vaccination Center,75,75,64,11,11,0.1467
2022-06-03,MLD-01,Malard Central Health Center,70,60,54,16,6,0.1
2022-06-03,MLD-02,Sabashahr Health Center,60,48,45,15,3,0.0625
2022-06-03,MLD-03,Vahedieh Health Center,54,45,39,15,6,0.1333
2022-06-03,MLD-04,Sadeghieh-e Malard Vaccination Center,47,36,33,14,3,0.0833
2022-06-03,MLD-05,Chelab Rural Vaccination Center,39,36,31,8,5,0.1389
2022-06-04,MLD-01,Malard Central Health Center,55,42,38,17,4,0.0952
2022-06-04,MLD-02,Sabashahr Health Center,55,49,46,9,3,0.0612
2022-06-04,MLD-03,Vahedieh Health Center,46,42,38,8,4,0.0952
2022-06-04,MLD-04,Sadeghieh-e Malard Vaccination Center,41,34,31,10,3,0.0882
2022-06-04,MLD-05,Chelab Rural Vaccination Center,37,30,27,10,3,0.1
2022-06-05,MLD-01,Malard Central Health Center,198,187,161,37,26,0.139
2022-06-05,MLD-02,Sabashahr Health Center,179,143,130,49,13,0.0909
2022-06-05,MLD-03,Vahedieh Health Center,157,144,125,32,19,0.1319
2022-06-05,MLD-04,Sadeghieh-e Malard Vaccination Center,126,107,94,32,13,0.1215
2022-06-05,MLD-05,Chelab Rural Vaccination Center,95,83,74,21,9,0.1084
2022-06-06,MLD-01,Malard Central Health Center,201,161,156,45,5,0.0311
2022-06-06,MLD-02,Sabashahr Health Center,143,119,110,33,9,0.0756
2022-06-06,MLD-03,Vahedieh Health Center,148,130,107,41,23,0.1769
2022-06-06,MLD-04,Sadeghieh-e Malard Vaccination Center,150,146,131,19,15,0.1027
2022-06-06,MLD-05,Chelab Rural Vaccination Center,101,77,72,29,5,0.0649
2022-06-07,MLD-01,Malard Central Health Center,186,170,153,33,17,0.1
2022-06-07,MLD-02,Sabashahr Health Center,179,157,137,42,20,0.1274
2022-06-07,MLD-03,Vahedieh Health Center,142,128,117,25,11,0.0859
2022-06-07,MLD-04,Sadeghieh-e Malard Vaccination Center,123,113,100,23,13,0.115
2022-06-07,MLD-05,Chelab Rural Vaccination Center,103,79,72,31,7,0.0886
2022-06-08,MLD-01,Malard Central Health Center,187,175,158,29,17,0.0971
2022-06-08,MLD-02,Sabashahr Health Center,175,159,146,29,13,0.0818
2022-06-08,MLD-03,Vahedieh Health Center,141,131,113,28,18,0.1374
2022-06-08,MLD-04,Sadeghieh-e Malard Vaccination Center,128,114,97,31,17,0.1491
2022-06-08,MLD-05,Chelab Rural Vaccination Center,86,73,69,17,4,0.0548
2022-06-09,MLD-01,Malard Central Health Center,141,158,129,12,29,0.1835
2022-06-09,MLD-02,Sabashahr Health Center,153,145,118,35,27,0.1862
2022-06-09,MLD-03,Vahedieh Health Center,110,104,86,24,18,0.1731
2022-06-09,MLD-04,Sadeghieh-e Malard Vaccination Center,118,107,91,27,16,0.1495
2022-06-09,MLD-05,Chelab Rural Vaccination Center,91,82,68,23,14,0.1707
2022-06-10,MLD-01,Malard Central Health Center,65,60,53,12,7,0.1167
2022-06-10,MLD-02,Sabashahr Health Center,58,54,46,12,8,0.1481
2022-06-10,MLD-03,Vahedieh Health Center,46,39,37,9,2,0.0513
2022-06-10,MLD-04,Sadeghieh-e Malard Vaccination Center,45,42,36,9,6,0.1429
2022-06-10,MLD-05,Chelab Rural Vaccination Center,32,29,25,7,4,0.1379
2022-06-11,MLD-01,Malard Central Health Center,187,162,141,46,21,0.1296
2022-06-11,MLD-02,Sabashahr Health Center,180,185,166,14,19,0.1027
2022-06-11,MLD-03,Vahedieh Health Center,111,101,90,21,11,0.1089
2022-06-11,MLD-04,Sadeghieh-e Malard Vaccination Center,132,124,111,21,13,0.1048
2022-06-11,MLD-05,Chelab Rural Vaccination Center,90,88,77,13,11,0.125
2022-06-12,MLD-01,Malard Central Health Center,183,153,142,41,11,0.0719
2022-06-12,MLD-02,Sabashahr Health Center,147,127,114,33,13,0.1024
2022-06-12,MLD-03,Vahedieh Health Center,148,133,121,27,12,0.0902
2022-06-12,MLD-04,Sadeghieh-e Malard Vaccination Center,132,128,111,21,17,0.1328
2022-06-12,MLD-05,Chelab Rural Vaccination Center,88,83,76,12,7,0.0843
2022-06-13,MLD-01,Malard Central Health Center,186,150,137,49,13,0.0867
2022-06-13,MLD-02,Sabashahr Health Center,178,153,137,41,16,0.1046
2022-06-13,MLD-03,Vahedieh Health Center,117,90,85,32,5,0.0556
2022-06-13,MLD-04,Sadeghieh-e Malard Vaccination Center,135,124,101,34,23,0.1855
2022-06-13,MLD-05,Chelab Rural Vaccination Center,76,70,63,13,7,0.1
2022-06-14,MLD-01,Malard Central Health Center,167,140,119,48,21,0.15
2022-06-14,MLD-02,Sabashahr Health Center,162,134,120,42,14,0.1045
2022-06-14,MLD-03,Vahedieh Health Center,120,100,92,28,8,0.08
2022-06-14,MLD-04,Sadeghieh-e Malard Vaccination Center,142,136,117,25,19,0.1397
2022-06-14,MLD-05,Chelab Rural Vaccination Center,92,86,78,14,8,0.093
2022-06-15,MLD-01,Malard Central Health Center,165,153,137,28,16,0.1046
2022-06-15,MLD-02,Sabashahr Health Center,158,129,116,42,13,0.1008
2022-06-15,MLD-03,Vahedieh Health Center,138,123,118,20,5,0.0407
2022-06-15,MLD-04,Sadeghieh-e Malard Vaccination Center,114,97,84,30,13,0.134
2022-06-15,MLD-05,Chelab Rural Vaccination Center,98,97,84,14,13,0.134
2022-06-16,MLD-01,Malard Central Health Center,139,131,105,34,26,0.1985
2022-06-16,MLD-02,Sabashahr Health Center,134,128,106,28,22,0.1719
2022-06-16,MLD-03,Vahedieh Health Center,115,108,89,26,19,0.1759
2022-06-16,MLD-04,Sadeghieh-e Malard Vaccination Center,95,86,75,20,11,0.1279
2022-06-16,MLD-05,Chelab Rural Vaccination Center,71,80,63,8,17,0.2125
2022-06-17,MLD-01,Malard Central Health Center,59,48,42,17,6,0.125
2022-06-17,MLD-02,Sabashahr Health Center,57,52,48,9,4,0.0769
2022-06-17,MLD-03,Vahedieh Health Center,45,38,35,10,3,0.0789
2022-06-17,MLD-04,Sadeghieh-e Malard Vaccination Center,37,32,28,9,4,0.125
2022-06-17,MLD-05,Chelab Rural Vaccination Center,30,26,22,8,4,0.1538
2022-06-18,MLD-01,Malard Central Health Center,176,162,143,33,19,0.1173
2022-06-18,MLD-02,Sabashahr Health Center,154,138,121,33,17,0.1232
2022-06-18,MLD-03,Vahedieh Health Center,114,104,86,28,18,0.1731
2022-06-18,MLD-04,Sadeghieh-e Malard Vaccination Center,109,97,90,19,7,0.0722
2022-06-18,MLD-05,Chelab Rural Vaccination Center,89,84,77,12,7,0.0833
2022-06-19,MLD-01,Malard Central Health Center,158,163,140,18,23,0.1411
2022-06-19,MLD-02,Sabashahr Health Center,136,130,113,23,17,0.1308
2022-06-19,MLD-03,Vahedieh Health Center,127,115,104,23,11,0.0957
2022-06-19,MLD-04,Sadeghieh-e Malard Vaccination Center,124,123,109,15,14,0.1138
2022-06-19,MLD-05,Chelab Rural Vaccination Center,87,76,68,19,8,0.1053
2022-06-20,MLD-01,Malard Central Health Center,168,138,121,47,17,0.1232
2022-06-20,MLD-02,Sabashahr Health Center,125,124,105,20,19,0.1532
2022-06-20,MLD-03,Vahedieh Health Center,129,112,104,25,8,0.0714
2022-06-20,MLD-04,Sadeghieh-e Malard Vaccination Center,105,92,79,26,13,0.1413
2022-06-20,MLD-05,Chelab Rural Vaccination Center,86,78,68,18,10,0.1282
2022-06-21,MLD-01,Malard Central Health Center,156,148,134,22,14,0.0946
2022-06-21,MLD-02,Sabashahr Health Center,130,125,107,23,18,0.144
2022-06-21,MLD-03,Vahedieh Health Center,105,96,84,21,12,0.125
2022-06-21,MLD-04,Sadeghieh-e Malard Vaccination Center,134,123,103,31,20,0.1626
2022-06-21,MLD-05,Chelab Rural Vaccination Center,78,64,58,20,6,0.0938
