date,center_id,center_name,open_vial_doses_wasted,expired_doses_wasted,total_doses_wasted,doses_drawn_from_vials,wastage_rate
2021-05-22,MLD-01,Malard Central Health Center,12,0,12,138,0.087
2021-05-22,MLD-02,Sabashahr Health Center,12,0,12,121,0.0992
2021-05-22,MLD-03,Vahedieh Health Center,7,0,7,114,0.0614
2021-05-22,MLD-04,Sadeghieh-e Malard Vaccination Center,8,0,8,102,0.0784
2021-05-22,MLD-05,Chelab Rural Vaccination Center,7,0,7,73,0.0959
2021-05-23,MLD-01,Malard Central Health Center,12,0,12,149,0.0805
2021-05-23,MLD-02,Sabashahr Health Center,10,7,17,130,0.1308
2021-05-23,MLD-03,Vahedieh Health Center,9,0,9,110,0.0818
2021-05-23,MLD-04,Sadeghieh-e Malard Vaccination Center,7,0,7,102,0.0686
2021-05-23,MLD-05,Chelab Rural Vaccination Center,5,0,5,68,0.0735
2021-05-24,MLD-01,Malard Central Health Center,14,0,14,141,0.0993
2021-05-24,MLD-02,Sabashahr Health Center,12,0,12,122,0.0984
2021-05-24,MLD-03,Vahedieh Health Center,10,0,10,114,0.0877
2021-05-24,MLD-04,Sadeghieh-e Malard Vaccination Center,12,0,12,103,0.1165
2021-05-24,MLD-05,Chelab Rural Vaccination Center,5,0,5,75,0.0667
2021-05-25,MLD-01,Malard Central Health Center,15,0,15,155,0.0968
2021-05-25,MLD-02,Sabashahr Health Center,15,0,15,146,0.1027
2021-05-25,MLD-03,Vahedieh Health Center,14,0,14,112,0.125
2021-05-25,MLD-04,Sadeghieh-e Malard Vaccination Center,8,0,8,84,0.0952
2021-05-25,MLD-05,Chelab Rural Vaccination Center,6,0,6,68,0.0882
2021-05-26,MLD-01,Malard Central Health Center,15,0,15,149,0.1007
2021-05-26,MLD-02,Sabashahr Health Center,11,0,11,123,0.0894
2021-05-26,MLD-03,Vahedieh Health Center,11,0,11,114,0.0965
2021-05-26,MLD-04,Sadeghieh-e Malard Vaccination Center,11,0,11,103,0.1068
2021-05-26,MLD-05,Chelab Rural Vaccination Center,7,0,7,78,0.0897
2021-05-27,MLD-01,Malard Central Health Center,11,0,11,127,0.0866
2021-05-27,MLD-02,Sabashahr Health Center,12,0,12,123,0.0976
2021-05-27,MLD-03,Vahedieh Health Center,9,0,9,93,0.0968
2021-05-27,MLD-04,Sadeghieh-e Malard Vaccination Center,6,0,6,78,0.0769
2021-05-27,MLD-05,Chelab Rural Vaccination Center,4,0,4,62,0.0645
2021-05-28,MLD-01,Malard Central Health Center,6,0,6,53,0.1132
2021-05-28,MLD-02,Sabashahr Health Center,5,0,5,47,0.1064
2021-05-28,MLD-03,Vahedieh Health Center,4,0,4,41,0.0976
2021-05-28,MLD-04,Sadeghieh-e Malard Vaccination Center,4,21,25,58,0.431
2021-05-28,MLD-05,Chelab Rural Vaccination Center,3,0,3,28,0.1071
2021-05-29,MLD-01,Malard Central Health Center,15,0,15,159,0.0943
2021-05-29,MLD-02,Sabashahr Health Center,11,0,11,137,0.0803
2021-05-29,MLD-03,Vahedieh Health Center,12,0,12,112,0.1071
2021-05-29,MLD-04,Sadeghieh-e Malard Vaccination Center,10,0,10,99,0.101
2021-05-29,MLD-05,Chelab Rural Vaccination Center,9,0,9,81,0.1111
2021-05-30,MLD-01,Malard Central Health Center,18,0,18,152,0.1184
2021-05-30,MLD-02,Sabashahr Health Center,11,0,11,133,0.0827
2021-05-30,MLD-03,Vahedieh Health Center,8,0,8,103,0.0777
2021-05-30,MLD-04,Sadeghieh-e Malard Vaccination Center,6,0,6,108,0.0556
2021-05-30,MLD-05,Chelab Rural Vaccination Center,10,0,10,92,0.1087
2021-05-31,MLD-01,Malard Central Health Center,7,0,7,153,0.0458
2021-05-31,MLD-02,Sabashahr Health Center,16,0,16,142,0.1127
2021-05-31,MLD-03,Vahedieh Health Center,5,0,5,108,0.0463
2021-05-31,MLD-04,Sadeghieh-e Malard Vaccination Center,9,0,9,106,0.0849
2021-05-31,MLD-05,Chelab Rural Vaccination Center,7,0,7,79,0.0886
2021-06-01,MLD-01,Malard Central Health Center,19,0,19,157,0.121
2021-06-01,MLD-02,Sabashahr Health Center,14,0,14,148,0.0946
2021-06-01,MLD-03,Vahedieh Health Center,7,0,7,111,0.0631
2021-06-01,MLD-04,Sadeghieh-e Malard Vaccination Center,10,0,10,107,0.0935
2021-06-01,MLD-05,Chelab Rural Vaccination Center,4,0,4,76,0.0526
2021-06-02,MLD-01,Malard Central Health Center,13,0,13,164,0.0793
2021-06-02,MLD-02,Sabashahr Health Center,9,0,9,132,0.0682
2021-06-02,MLD-03,Vahedieh Health Center,8,0,8,106,0.0755
2021-06-02,MLD-04,Sadeghieh-e Malard Vaccination Center,7,0,7,115,0.0609
2021-06-02,MLD-05,Chelab Rural Vaccination Center,9,0,9,84,0.1071
2021-06-03,MLD-01,Malard Central Health Center,11,0,11,131,0.084
2021-06-03,MLD-02,Sabashahr Health Center,7,0,7,111,0.0631
2021-06-03,MLD-03,Vahedieh Health Center,6,0,6,94,0.0638
2021-06-03,MLD-04,Sadeghieh-e Malard Vaccination Center,9,0,9,91,0.0989
2021-06-03,MLD-05,Chelab Rural Vaccination Center,9,0,9,87,0.1034
2021-06-04,MLD-01,Malard Central Health Center,5,0,5,59,0.0847
2021-06-04,MLD-02,Sabashahr Health Center,4,0,4,50,0.08
2021-06-04,MLD-03,Vahedieh Health Center,3,0,3,36,0.0833
2021-06-04,MLD-04,Sadeghieh-e Malard Vaccination Center,4,0,4,42,0.0952
2021-06-04,MLD-05,Chelab Rural Vaccination Center,3,0,3,27,0.1111
2021-06-05,MLD-01,Malard Central Health Center,17,0,17,157,0.1083
2021-06-05,MLD-02,Sabashahr Health Center,14,0,14,142,0.0986
2021-06-05,MLD-03,Vahedieh Health Center,10,0,10,113,0.0885
2021-06-05,MLD-04,Sadeghieh-e Malard Vaccination Center,7,0,7,123,0.0569
2021-06-05,MLD-05,Chelab Rural Vaccination Center,10,0,10,89,0.1124
2021-06-06,MLD-01,Malard Central Health Center,11,0,11,162,0.0679
2021-06-06,MLD-02,Sabashahr Health Center,14,0,14,136,0.1029
2021-06-06,MLD-03,Vahedieh Health Center,6,0,6,128,0.0469
2021-06-06,MLD-04,Sadeghieh-e Malard Vaccination Center,9,0,9,111,0.0811
2021-06-06,MLD-05,Chelab Rural Vaccination Center,7,0,7,90,0.0778
2021-06-07,MLD-01,Malard Central Health Center,13,0,13,148,0.0878
2021-06-07,MLD-02,Sabashahr Health Center,13,0,13,165,0.0788
2021-06-07,MLD-03,Vahedieh Health Center,8,0,8,120,0.0667
2021-06-07,MLD-04,Sadeghieh-e Malard Vaccination Center,8,0,8,105,0.0762
2021-06-07,MLD-05,Chelab Rural Vaccination Center,11,0,11,94,0.117
2021-06-08,MLD-01,Malard Central Health Center,12,0,12,182,0.0659
2021-06-08,MLD-02,Sabashahr Health Center,12,0,12,157,0.0764
2021-06-08,MLD-03,Vahedieh Health Center,7,0,7,94,0.0745
2021-06-08,MLD-04,Sadeghieh-e Malard Vaccination Center,12,0,12,115,0.1043
2021-06-08,MLD-05,Chelab Rural Vaccination Center,8,0,8,86,0.093
2021-06-09,MLD-01,Malard Central Health Center,12,0,12,179,0.067
2021-06-09,MLD-02,Sabashahr Health Center,13,0,13,146,0.089
2021-06-09,MLD-03,Vahedieh Health Center,13,0,13,126,0.1032
2021-06-09,MLD-04,Sadeghieh-e Malard Vaccination Center,9,0,9,108,0.0833
2021-06-09,MLD-05,Chelab Rural Vaccination Center,10,0,10,83,0.1205
2021-06-10,MLD-01,Malard Central Health Center,13,0,13,145,0.0897
2021-06-10,MLD-02,Sabashahr Health Center,14,0,14,123,0.1138
2021-06-10,MLD-03,Vahedieh Health Center,9,0,9,100,0.09
2021-06-10,MLD-04,Sadeghieh-e Malard Vaccination Center,11,0,11,109,0.1009
2021-06-10,MLD-05,Chelab Rural Vaccination Center,5,0,5,70,0.0714
2021-06-11,MLD-01,Malard Central Health Center,5,0,5,63,0.0794
2021-06-11,MLD-02,Sabashahr Health Center,5,0,5,47,0.1064
2021-06-11,MLD-03,Vahedieh Health Center,4,0,4,45,0.0889
2021-06-11,MLD-04,Sadeghieh-e Malard Vaccination Center,3,0,3,41,0.0732
2021-06-11,MLD-05,Chelab Rural Vaccination Center,3,0,3,30,0.1
2021-06-12,MLD-01,Malard Central Health Center,16,0,16,179,0.0894
2021-06-12,MLD-02,Sabashahr Health Center,14,0,14,157,0.0892
2021-06-12,MLD-03,Vahedieh Health Center,6,0,6,116,0.0517
2021-06-12,MLD-04,Sadeghieh-e Malard Vaccination Center,7,0,7,94,0.0745
2021-06-12,MLD-05,Chelab Rural Vaccination Center,6,0,6,88,0.0682
2021-06-13,MLD-01,Malard Central Health Center,19,0,19,174,0.1092
2021-06-13,MLD-02,Sabashahr Health Center,16,0,16,157,0.1019
2021-06-13,MLD-03,Vahedieh Health Center,9,0,9,120,0.075
2021-06-13,MLD-04,Sadeghieh-e Malard Vaccination Center,5,0,5,106,0.0472
2021-06-13,MLD-05,Chelab Rural Vaccination Center,7,0,7,84,0.0833
2021-06-14,MLD-01,Malard Central Health Center,17,0,17,172,0.0988
2021-06-14,MLD-02,Sabashahr Health Center,9,0,9,142,0.0634
2021-06-14,MLD-03,Vahedieh Health Center,9,0,9,121,0.0744
2021-06-14,MLD-04,Sadeghieh-e Malard Vaccination Center,9,0,9,126,0.0714
2021-06-14,MLD-05,Chelab Rural Vaccination Center,8,0,8,79,0.1013
2021-06-15,MLD-01,Malard Central Health Center,13,0,13,159,0.0818
2021-06-15,MLD-02,Sabashahr Health Center,8,0,8,139,0.0576
2021-06-15,MLD-03,Vahedieh Health Center,15,0,15,136,0.1103
2021-06-15,MLD-04,Sadeghieh-e Malard Vaccination Center,12,0,12,124,0.0968
2021-06-15,MLD-05,Chelab Rural Vaccination Center,12,0,12,98,0.1224
2021-06-16,MLD-01,Malard Central Health Center,6,0,6,56,0.1071
2021-06-16,MLD-02,Sabashahr Health Center,4,0,4,42,0.0952
2021-06-16,MLD-03,Vahedieh Health Center,3,0,3,38,0.0789
2021-06-16,MLD-04,Sadeghieh-e Malard Vaccination Center,5,0,5,37,0.1351
2021-06-16,MLD-05,Chelab Rural Vaccination Center,4,0,4,29,0.1379
2021-06-17,MLD-01,Malard Central Health Center,6,0,6,151,0.0397
2021-06-17,MLD-02,Sabashahr Health Center,8,0,8,121,0.0661
2021-06-17,MLD-03,Vahedieh Health Center,6,0,6,107,0.0561
2021-06-17,MLD-04,Sadeghieh-e Malard Vaccination Center,7,0,7,107,0.0654
2021-06-17,MLD-05,Chelab Rural Vaccination Center,7,0,7,67,0.1045
2021-06-18,MLD-01,Malard Central Health Center,5,0,5,60,0.0833
2021-06-18,MLD-02,Sabashahr Health Center,6,0,6,60,0.1
2021-06-18,MLD-03,Vahedieh Health Center,4,0,4,42,0.0952
2021-06-18,MLD-04,Sadeghieh-e Malard Vaccination Center,5,0,5,44,0.1136
2021-06-18,MLD-05,Chelab Rural Vaccination Center,4,0,4,32,0.125
2021-06-19,MLD-01,Malard Central Health Center,19,0,19,205,0.0927
2021-06-19,MLD-02,Sabashahr Health Center,11,0,11,138,0.0797
2021-06-19,MLD-03,Vahedieh Health Center,13,0,13,126,0.1032
2021-06-19,MLD-04,Sadeghieh-e Malard Vaccination Center,8,0,8,103,0.0777
2021-06-19,MLD-05,Chelab Rural Vaccination Center,8,0,8,98,0.0816
2021-06-20,MLD-01,Malard Central Health Center,20,0,20,188,0.1064
2021-06-20,MLD-02,Sabashahr Health Center,13,0,13,136,0.0956
2021-06-20,MLD-03,Vahedieh Health Center,10,0,10,138,0.0725
2021-06-20,MLD-04,Sadeghieh-e Malard Vaccination Center,15,0,15,131,0.1145
2021-06-20,MLD-05,Chelab Rural Vaccination Center,8,0,8,95,0.0842
2021-06-21,MLD-01,Malard Central Health Center,17,0,17,175,0.0971
2021-06-21,MLD-02,Sabashahr Health Center,10,0,10,151,0.0662
2021-06-21,MLD-03,Vahedieh Health Center,15,0,15,141,0.1064
2021-06-21,MLD-04,Sadeghieh-e Malard Vaccination Center,9,0,9,136,0.0662
2021-06-21,MLD-05,Chelab Rural Vaccination Center,6,0,6,84,0.0714
2021-06-22,MLD-01,Malard Central Health Center,15,0,15,166,0.0904
2021-06-22,MLD-02,Sabashahr Health Center,15,0,15,138,0.1087
2021-06-22,MLD-03,Vahedieh Health Center,12,0,12,141,0.0851
2021-06-22,MLD-04,Sadeghieh-e Malard Vaccination Center,17,0,17,149,0.1141
2021-06-22,MLD-05,Chelab Rural Vaccination Center,8,0,8,104,0.0769
2021-06-23,MLD-01,Malard Central Health Center,13,0,13,189,0.0688
2021-06-23,MLD-02,Sabashahr Health Center,8,0,8,147,0.0544
2021-06-23,MLD-03,Vahedieh Health Center,8,0,8,139,0.0576
2021-06-23,MLD-04,Sadeghieh-e Malard Vaccination Center,13,0,13,137,0.0949
2021-06-23,MLD-05,Chelab Rural Vaccination Center,5,0,5,73,0.0685
2021-06-24,MLD-01,Malard Central Health Center,16,0,16,166,0.0964
2021-06-24,MLD-02,Sabashahr Health Center,9,0,9,124,0.0726
2021-06-24,MLD-03,Vahedieh Health Center,14,0,14,121,0.1157
2021-06-24,MLD-04,Sadeghieh-e Malard Vaccination Center,6,0,6,106,0.0566
2021-06-24,MLD-05,Chelab Rural Vaccination Center,7,0,7,82,0.0854
2021-06-25,MLD-01,Malard Central Health Center,5,0,5,66,0.0758
2021-06-25,MLD-02,Sabashahr Health Center,4,0,4,56,0.0714
2021-06-25,MLD-03,Vahedieh Health Center,4,0,4,45,0.0889
2021-06-25,MLD-04,Sadeghieh-e Malard Vaccination Center,4,0,4,45,0.0889
2021-06-25,MLD-05,Chelab Rural Vaccination Center,4,0,4,34,0.1176
2021-06-26,MLD-01,Malard Central Health Center,10,0,10,179,0.0559
2021-06-26,MLD-02,Sabashahr Health Center,17,0,17,162,0.1049
2021-06-26,MLD-03,Vahedieh Health Center,7,0,7,124,0.0565
2021-06-26,MLD-04,Sadeghieh-e Malard Vaccination Center,13,0,13,135,0.0963
2021-06-26,MLD-05,Chelab Rural Vaccination Center,7,0,7,98,0.0714
2021-06-27,MLD-01,Malard Central Health Center,10,0,10,178,0.0562
2021-06-27,MLD-02,Sabashahr Health Center,11,0,11,135,0.0815
2021-06-27,MLD-03,Vahedieh Health Center,13,0,13,141,0.0922
2021-06-27,MLD-04,Sadeghieh-e Malard Vaccination Center,11,0,11,146,0.0753
2021-06-27,MLD-05,Chelab Rural Vaccination Center,9,0,9,94,0.0957
2021-06-28,MLD-01,Malard Central Health Center,24,0,24,203,0.1182
2021-06-28,MLD-02,Sabashahr Health Center,11,0,11,164,0.0671
2021-06-28,MLD-03,Vahedieh Health Center,13,0,13,134,0.097
2021-06-28,MLD-04,Sadeghieh-e Malard Vaccination Center,13,0,13,124,0.1048
2021-06-28,MLD-05,Chelab Rural Vaccination Center,6,0,6,88,0.0682
2021-06-29,MLD-01,Malard Central Health Center,13,0,13,192,0.0677
2021-06-29,MLD-02,Sabashahr Health Center,11,0,11,164,0.0671
2021-06-29,MLD-03,Vahedieh Health Center,9,0,9,134,0.0672
2021-06-29,MLD-04,Sadeghieh-e Malard Vaccination Center,9,0,9,118,0.0763
2021-06-29,MLD-05,Chelab Rural Vaccination Center,12,0,12,100,0.12
2021-06-30,MLD-01,Malard Central Health Center,17,0,17,189,0.0899
2021-06-30,MLD-02,Sabashahr Health Center,16,33,49,203,0.2414
2021-06-30,MLD-03,Vahedieh Health Center,4,0,4,132,0.0303
2021-06-30,MLD-04,Sadeghieh-e Malard Vaccination Center,9,0,9,119,0.0756
2021-06-30,MLD-05,Chelab Rural Vaccination Center,8,0,8,101,0.0792
2021-07-01,MLD-01,Malard Central Health Center,22,0,22,175,0.1257
2021-07-01,MLD-02,Sabashahr Health Center,10,0,10,145,0.069
2021-07-01,MLD-03,Vahedieh Health Center,8,0,8,108,0.0741
2021-07-01,MLD-04,Sadeghieh-e Malard Vaccination Center,12,0,12,106,0.1132
2021-07-01,MLD-05,Chelab Rural Vaccination Center,8,0,8,85,0.0941
2021-07-02,MLD-01,Malard Central Health Center,5,0,5,61,0.082
2021-07-02,MLD-02,Sabashahr Health Center,8,0,8,62,0.129
2021-07-02,MLD-03,Vahedieh Health Center,4,0,4,50,0.08
2021-07-02,MLD-04,Sadeghieh-e Malard Vaccination Center,6,0,6,50,0.12
2021-07-02,MLD-05,Chelab Rural Vaccination Center,4,0,4,41,0.0976
2021-07-03,MLD-01,Malard Central Health Center,10,0,10,210,0.0476
2021-07-03,MLD-02,Sabashahr Health Center,10,0,10,145,0.069
2021-07-03,MLD-03,Vahedieh Health Center,11,0,11,144,0.0764
2021-07-03,MLD-04,Sadeghieh-e Malard Vaccination Center,11,0,11,146,0.0753
2021-07-03,MLD-05,Chelab Rural Vaccination Center,9,0,9,107,0.0841
2021-07-04,MLD-01,Malard Central Health Center,25,0,25,221,0.1131
2021-07-04,MLD-02,Sabashahr Health Center,16,0,16,183,0.0874
2021-07-04,MLD-03,Vahedieh Health Center,8,0,8,167,0.0479
2021-07-04,MLD-04,Sadeghieh-e Malard Vaccination Center,12,0,12,129,0.093
2021-07-04,MLD-05,Chelab Rural Vaccination Center,7,0,7,97,0.0722
2021-07-05,MLD-01,Malard Central Health Center,17,0,17,233,0.073
2021-07-05,MLD-02,Sabashahr Health Center,5,0,5,166,0.0301
2021-07-05,MLD-03,Vahedieh Health Center,12,0,12,142,0.0845
2021-07-05,MLD-04,Sadeghieh-e Malard Vaccination Center,15,0,15,157,0.0955
2021-07-05,MLD-05,Chelab Rural Vaccination Center,6,0,6,110,0.0545
2021-07-06,MLD-01,Malard Central Health Center,13,0,13,240,0.0542
2021-07-06,MLD-02,Sabashahr Health Center,13,0,13,197,0.066
2021-07-06,MLD-03,Vahedieh Health Center,10,0,10,162,0.0617
2021-07-06,MLD-04,Sadeghieh-e Malard Vaccination Center,14,0,14,141,0.0993
2021-07-06,MLD-05,Chelab Rural Vaccination Center,9,0,9,101,0.0891
2021-07-07,MLD-01,Malard Central Health Center,18,0,18,235,0.0766
2021-07-07,MLD-02,Sabashahr Health Center,9,0,9,183,0.0492
2021-07-07,MLD-03,Vahedieh Health Center,14,0,14,179,0.0782
2021-07-07,MLD-04,Sadeghieh-e Malard Vaccination Center,19,0,19,166,0.1145
2021-07-07,MLD-05,Chelab Rural Vaccination Center,8,0,8,110,0.0727
2021-07-08,MLD-01,Malard Central Health Center,7,0,7,192,0.0365
2021-07-08,MLD-02,Sabashahr Health Center,13,0,13,164,0.0793
2021-07-08,MLD-03,Vahedieh Health Center,10,0,10,138,0.0725
2021-07-08,MLD-04,Sadeghieh-e Malard Vaccination Center,7,0,7,141,0.0496
2021-07-08,MLD-05,Chelab Rural Vaccination Center,10,0,10,116,0.0862
2021-07-09,MLD-01,Malard Central Health Center,8,0,8,85,0.0941
2021-07-09,MLD-02,Sabashahr Health Center,8,0,8,73,0.1096
2021-07-09,MLD-03,Vahedieh Health Center,6,0,6,61,0.0984
2021-07-09,MLD-04,Sadeghieh-e Malard Vaccination Center,10,0,10,65,0.1538
2021-07-09,MLD-05,Chelab Rural Vaccination Center,5,0,5,47,0.1064
2021-07-10,MLD-01,Malard Central Health Center,18,0,18,243,0.0741
2021-07-10,MLD-02,Sabashahr Health Center,13,0,13,201,0.0647
2021-07-10,MLD-03,Vahedieh Health Center,13,0,13,182,0.0714
2021-07-10,MLD-04,Sadeghieh-e Malard Vaccination Center,9,0,9,164,0.0549
2021-07-10,MLD-05,Chelab Rural Vaccination Center,12,0,12,134,0.0896
2021-07-11,MLD-01,Malard Central Health Center,19,0,19,268,0.0709
2021-07-11,MLD-02,Sabashahr Health Center,25,0,25,211,0.1185
2021-07-11,MLD-03,Vahedieh Health Center,12,0,12,160,0.075
2021-07-11,MLD-04,Sadeghieh-e Malard Vaccination Center,10,0,10,178,0.0562
2021-07-11,MLD-05,Chelab Rural Vaccination Center,10,0,10,136,0.0735
2021-07-12,MLD-01,Malard Central Health Center,17,0,17,278,0.0612
2021-07-12,MLD-02,Sabashahr Health Center,17,0,17,219,0.0776
2021-07-12,MLD-03,Vahedieh Health Center,19,0,19,201,0.0945
2021-07-12,MLD-04,Sadeghieh-e Malard Vaccination Center,15,0,15,171,0.0877
2021-07-12,MLD-05,Chelab Rural Vaccination Center,7,0,7,122,0.0574
2021-07-13,MLD-01,Malard Central Health Center,24,0,24,264,0.0909
2021-07-13,MLD-02,Sabashahr Health Center,13,0,13,220,0.0591
2021-07-13,MLD-03,Vahedieh Health Center,15,0,15,203,0.0739
2021-07-13,MLD-04,Sadeghieh-e Malard Vaccination Center,16,0,16,208,0.0769
2021-07-13,MLD-05,Chelab Rural Vaccination Center,12,0,12,133,0.0902
2021-07-14,MLD-01,Malard Central Health Center,25,0,25,292,0.0856
2021-07-14,MLD-02,Sabashahr Health Center,15,0,15,225,0.0667
2021-07-14,MLD-03,Vahedieh Health Center,14,0,14,210,0.0667
2021-07-14,MLD-04,Sadeghieh-e Malard Vaccination Center,12,0,12,187,0.0642
2021-07-14,MLD-05,Chelab Rural Vaccination Center,7,0,7,129,0.0543
2021-07-15,MLD-01,Malard Central Health Center,20,0,20,240,0.0833
2021-07-15,MLD-02,Sabashahr Health Center,19,0,19,200,0.095
2021-07-15,MLD-03,Vahedieh Health Center,17,0,17,178,0.0955
2021-07-15,MLD-04,Sadeghieh-e Malard Vaccination Center,15,0,15,181,0.0829
2021-07-15,MLD-05,Chelab Rural Vaccination Center,10,0,10,125,0.08
2021-07-16,MLD-01,Malard Central Health Center,10,0,10,103,0.0971
2021-07-16,MLD-02,Sabashahr Health Center,7,0,7,85,0.0824
2021-07-16,MLD-03,Vahedieh Health Center,8,0,8,75,0.1067
2021-07-16,MLD-04,Sadeghieh-e Malard Vaccination Center,5,0,5,71,0.0704
2021-07-16,MLD-05,Chelab Rural Vaccination Center,3,0,3,50,0.06
2021-07-17,MLD-01,Malard Central Health Center,21,0,21,250,0.084
2021-07-17,MLD-02,Sabashahr Health Center,19,0,19,270,0.0704
2021-07-17,MLD-03,Vahedieh Health Center,22,0,22,237,0.0928
2021-07-17,MLD-04,Sadeghieh-e Malard Vaccination Center,11,0,11,212,0.0519
2021-07-17,MLD-05,Chelab Rural Vaccination Center,12,0,12,146,0.0822
2021-07-18,MLD-01,Malard Central Health Center,31,0,31,294,0.1054
2021-07-18,MLD-02,Sabashahr Health Center,16,0,16,262,0.0611
2021-07-18,MLD-03,Vahedieh Health Center,15,0,15,200,0.075
2021-07-18,MLD-04,Sadeghieh-e Malard Vaccination Center,14,0,14,227,0.0617
2021-07-18,MLD-05,Chelab Rural Vaccination Center,8,0,8,143,0.0559
2021-07-19,MLD-01,Malard Central Health Center,19,0,19,297,0.064
2021-07-19,MLD-02,Sabashahr Health Center,23,0,23,264,0.0871
2021-07-19,MLD-03,Vahedieh Health Center,15,0,15,218,0.0688
2021-07-19,MLD-04,Sadeghieh-e Malard Vaccination Center,12,0,12,211,0.0569
2021-07-19,MLD-05,Chelab Rural Vaccination Center,17,0,17,160,0.1062
2021-07-20,MLD-01,Malard Central Health Center,27,0,27,299,0.0903
2021-07-20,MLD-02,Sabashahr Health Center,14,0,14,249,0.0562
2021-07-20,MLD-03,Vahedieh Health Center,16,0,16,240,0.0667
2021-07-20,MLD-04,Sadeghieh-e Malard Vaccination Center,18,0,18,232,0.0776
2021-07-20,MLD-05,Chelab Rural Vaccination Center,12,0,12,159,0.0755
2021-07-21,MLD-01,Malard Central Health Center,16,0,16,313,0.0511
2021-07-21,MLD-02,Sabashahr Health Center,8,0,8,263,0.0304
2021-07-21,MLD-03,Vahedieh Health Center,18,0,18,241,0.0747
2021-07-21,MLD-04,Sadeghieh-e Malard Vaccination Center,6,0,6,199,0.0302
2021-07-21,MLD-05,Chelab Rural Vaccination Center,11,0,11,159,0.0692
2021-07-22,MLD-01,Malard Central Health Center,18,0,18,260,0.0692
2021-07-22,MLD-02,Sabashahr Health Center,14,0,14,250,0.056
2021-07-22,MLD-03,Vahedieh Health Center,16,0,16,212,0.0755
2021-07-22,MLD-04,Sadeghieh-e Malard Vaccination Center,16,0,16,204,0.0784
2021-07-22,MLD-05,Chelab Rural Vaccination Center,9,0,9,122,0.0738
2021-07-23,MLD-01,Malard Central Health Center,13,0,13,134,0.097
2021-07-23,MLD-02,Sabashahr Health Center,10,0,10,97,0.1031
2021-07-23,MLD-03,Vahedieh Health Center,12,0,12,99,0.1212
2021-07-23,MLD-04,Sadeghieh-e Malard Vaccination Center,8,0,8,83,0.0964
2021-07-23,MLD-05,Chelab Rural Vaccination Center,4,0,4,50,0.08
2021-07-24,MLD-01,Malard Central Health Center,14,0,14,301,0.0465
2021-07-24,MLD-02,Sabashahr Health Center,11,0,11,280,0.0393
2021-07-24,MLD-03,Vahedieh Health Center,18,0,18,259,0.0695
2021-07-24,MLD-04,Sadeghieh-e Malard Vaccination Center,20,0,20,272,0.0735
2021-07-24,MLD-05,Chelab Rural Vaccination Center,12,0,12,183,0.0656
2021-07-25,MLD-01,Malard Central Health Center,24,0,24,305,0.0787
2021-07-25,MLD-02,Sabashahr Health Center,19,0,19,283,0.0671
2021-07-25,MLD-03,Vahedieh Health Center,16,0,16,295,0.0542
2021-07-25,MLD-04,Sadeghieh-e Malard Vaccination Center,18,0,18,260,0.0692
2021-07-25,MLD-05,Chelab Rural Vaccination Center,9,0,9,174,0.0517
2021-07-26,MLD-01,Malard Central Health Center,25,0,25,362,0.0691
2021-07-26,MLD-02,Sabashahr Health Center,19,0,19,303,0.0627
2021-07-26,MLD-03,Vahedieh Health Center,19,0,19,247,0.0769
2021-07-26,MLD-04,Sadeghieh-e Malard Vaccination Center,17,0,17,244,0.0697
2021-07-26,MLD-05,Chelab Rural Vaccination Center,12,0,12,182,0.0659
2021-07-27,MLD-01,Malard Central Health Center,25,0,25,344,0.0727
2021-07-27,MLD-02,Sabashahr Health Center,11,0,11,306,0.0359
2021-07-27,MLD-03,Vahedieh Health Center,11,0,11,267,0.0412
2021-07-27,MLD-04,Sadeghieh-e Malard Vaccination Center,23,0,23,231,0.0996
2021-07-27,MLD-05,Chelab Rural Vaccination Center,8,0,8,185,0.0432
2021-07-28,MLD-01,Malard Central Health Center,12,0,12,352,0.0341
2021-07-28,MLD-02,Sabashahr Health Center,16,0,16,305,0.0525
2021-07-28,MLD-03,Vahedieh Health Center,22,0,22,273,0.0806
2021-07-28,MLD-04,Sadeghieh-e Malard Vaccination Center,19,0,19,245,0.0776
2021-07-28,MLD-05,Chelab Rural Vaccination Center,14,0,14,189,0.0741
2021-07-29,MLD-01,Malard Central Health Center,20,0,20,313,0.0639
2021-07-29,MLD-02,Sabashahr Health Center,15,0,15,245,0.0612
2021-07-29,MLD-03,Vahedieh Health Center,18,0,18,227,0.0793
2021-07-29,MLD-04,Sadeghieh-e Malard Vaccination Center,27,0,27,234,0.1154
2021-07-29,MLD-05,Chelab Rural Vaccination Center,9,0,9,172,0.0523
2021-07-30,MLD-01,Malard Central Health Center,19,0,19,145,0.131
2021-07-30,MLD-02,Sabashahr Health Center,11,0,11,109,0.1009
2021-07-30,MLD-03,Vahedieh Health Center,12,0,12,103,0.1165
2021-07-30,MLD-04,Sadeghieh-e Malard Vaccination Center,11,0,11,105,0.1048
2021-07-30,MLD-05,Chelab Rural Vaccination Center,6,0,6,64,0.0938
2021-07-31,MLD-01,Malard Central Health Center,44,0,44,411,0.1071
2021-07-31,MLD-02,Sabashahr Health Center,15,0,15,351,0.0427
2021-07-31,MLD-03,Vahedieh Health Center,13,0,13,254,0.0512
2021-07-31,MLD-04,Sadeghieh-e Malard Vaccination Center,21,0,21,268,0.0784
2021-07-31,MLD-05,Chelab Rural Vaccination Center,14,0,14,229,0.0611
2021-08-01,MLD-01,Malard Central Health Center,27,0,27,409,0.066
2021-08-01,MLD-02,Sabashahr Health Center,16,0,16,382,0.0419
2021-08-01,MLD-03,Vahedieh Health Center,21,0,21,285,0.0737
2021-08-01,MLD-04,Sadeghieh-e Malard Vaccination Center,16,0,16,283,0.0565
2021-08-01,MLD-05,Chelab Rural Vaccination Center,11,0,11,163,0.0675
2021-08-02,MLD-01,Malard Central Health Center,18,0,18,393,0.0458
2021-08-02,MLD-02,Sabashahr Health Center,10,0,10,326,0.0307
2021-08-02,MLD-03,Vahedieh Health Center,13,0,13,295,0.0441
2021-08-02,MLD-04,Sadeghieh-e Malard Vaccination Center,13,0,13,287,0.0453
2021-08-02,MLD-05,Chelab Rural Vaccination Center,14,0,14,243,0.0576
2021-08-03,MLD-01,Malard Central Health Center,37,0,37,391,0.0946
2021-08-03,MLD-02,Sabashahr Health Center,31,0,31,382,0.0812
2021-08-03,MLD-03,Vahedieh Health Center,24,0,24,333,0.0721
2021-08-03,MLD-04,Sadeghieh-e Malard Vaccination Center,17,0,17,300,0.0567
2021-08-03,MLD-05,Chelab Rural Vaccination Center,14,0,14,227,0.0617
2021-08-04,MLD-01,Malard Central Health Center,38,0,38,444,0.0856
2021-08-04,MLD-02,Sabashahr Health Center,27,0,27,371,0.0728
2021-08-04,MLD-03,Vahedieh Health Center,23,0,23,330,0.0697
2021-08-04,MLD-04,Sadeghieh-e Malard Vaccination Center,19,0,19,304,0.0625
2021-08-04,MLD-05,Chelab Rural Vaccination Center,20,0,20,227,0.0881
2021-08-05,MLD-01,Malard Central Health Center,18,0,18,401,0.0449
2021-08-05,MLD-02,Sabashahr Health Center,15,0,15,309,0.0485
2021-08-05,MLD-03,Vahedieh Health Center,23,0,23,311,0.074
2021-08-05,MLD-04,Sadeghieh-e Malard Vaccination Center,7,0,7,226,0.031
2021-08-05,MLD-05,Chelab Rural Vaccination Center,11,0,11,180,0.0611
2021-08-06,MLD-01,Malard Central Health Center,14,0,14,161,0.087
2021-08-06,MLD-02,Sabashahr Health Center,17,0,17,150,0.1133
2021-08-06,MLD-03,Vahedieh Health Center,10,0,10,110,0.0909
2021-08-06,MLD-04,Sadeghieh-e Malard Vaccination Center,15,0,15,125,0.12
2021-08-06,MLD-05,Chelab Rural Vaccination Center,5,0,5,80,0.0625
2021-08-07,MLD-01,Malard Central Health Center,28,0,28,403,0.0695
2021-08-07,MLD-02,Sabashahr Health Center,27,0,27,455,0.0593
2021-08-07,MLD-03,Vahedieh Health Center,26,0,26,377,0.069
2021-08-07,MLD-04,Sadeghieh-e Malard Vaccination Center,20,0,20,290,0.069
2021-08-07,MLD-05,Chelab Rural Vaccination Center,10,0,10,235,0.0426
2021-08-08,MLD-01,Malard Central Health Center,18,0,18,477,0.0377
2021-08-08,MLD-02,Sabashahr Health Center,32,0,32,375,0.0853
2021-08-08,MLD-03,Vahedieh Health Center,32,0,32,359,0.0891
2021-08-08,MLD-04,Sadeghieh-e Malard Vaccination Center,22,0,22,366,0.0601
2021-08-08,MLD-05,Chelab Rural Vaccination Center,20,0,20,244,0.082
2021-08-09,MLD-01,Malard Central Health Center,30,0,30,441,0.068
2021-08-09,MLD-02,Sabashahr Health Center,38,0,38,469,0.081
2021-08-09,MLD-03,Vahedieh Health Center,29,0,29,360,0.0806
2021-08-09,MLD-04,Sadeghieh-e Malard Vaccination Center,19,0,19,362,0.0525
2021-08-09,MLD-05,Chelab Rural Vaccination Center,17,0,17,242,0.0702
2021-08-10,MLD-01,Malard Central Health Center,26,0,26,503,0.0517
2021-08-10,MLD-02,Sabashahr Health Center,13,0,13,430,0.0302
2021-08-10,MLD-03,Vahedieh Health Center,24,0,24,367,0.0654
2021-08-10,MLD-04,Sadeghieh-e Malard Vaccination Center,24,0,24,336,0.0714
2021-08-10,MLD-05,Chelab Rural Vaccination Center,11,0,11,235,0.0468
2021-08-11,MLD-01,Malard Central Health Center,25,0,25,515,0.0485
2021-08-11,MLD-02,Sabashahr Health Center,28,0,28,376,0.0745
2021-08-11,MLD-03,Vahedieh Health Center,27,0,27,407,0.0663
2021-08-11,MLD-04,Sadeghieh-e Malard Vaccination Center,20,0,20,360,0.0556
2021-08-11,MLD-05,Chelab Rural Vaccination Center,17,0,17,256,0.0664
2021-08-12,MLD-01,Malard Central Health Center,37,0,37,409,0.0905
2021-08-12,MLD-02,Sabashahr Health Center,27,0,27,445,0.0607
2021-08-12,MLD-03,Vahedieh Health Center,21,0,21,333,0.0631
2021-08-12,MLD-04,Sadeghieh-e Malard Vaccination Center,26,0,26,306,0.085
2021-08-12,MLD-05,Chelab Rural Vaccination Center,8,0,8,225,0.0356
2021-08-13,MLD-01,Malard Central Health Center,21,0,21,222,0.0946
2021-08-13,MLD-02,Sabashahr Health Center,10,0,10,148,0.0676
2021-08-13,MLD-03,Vahedieh Health Center,10,0,10,144,0.0694
2021-08-13,MLD-04,Sadeghieh-e Malard Vaccination Center,12,0,12,126,0.0952
2021-08-13,MLD-05,Chelab Rural Vaccination Center,10,0,10,101,0.099
2021-08-14,MLD-01,Malard Central Health Center,17,0,17,551,0.0309
2021-08-14,MLD-02,Sabashahr Health Center,15,0,15,487,0.0308
2021-08-14,MLD-03,Vahedieh Health Center,41,0,41,417,0.0983
2021-08-14,MLD-04,Sadeghieh-e Malard Vaccination Center,26,0,26,386,0.0674
2021-08-14,MLD-05,Chelab Rural Vaccination Center,21,0,21,273,0.0769
2021-08-15,MLD-01,Malard Central Health Center,17,0,17,542,0.0314
2021-08-15,MLD-02,Sabashahr Health Center,28,0,28,436,0.0642
2021-08-15,MLD-03,Vahedieh Health Center,14,0,14,443,0.0316
2021-08-15,MLD-04,Sadeghieh-e Malard Vaccination Center,36,0,36,391,0.0921
2021-08-15,MLD-05,Chelab Rural Vaccination Center,18,0,18,330,0.0545
2021-08-16,MLD-01,Malard Central Health Center,17,0,17,570,0.0298
2021-08-16,MLD-02,Sabashahr Health Center,31,0,31,429,0.0723
2021-08-16,MLD-03,Vahedieh Health Center,25,0,25,392,0.0638
2021-08-16,MLD-04,Sadeghieh-e Malard Vaccination Center,32,0,32,446,0.0717
2021-08-16,MLD-05,Chelab Rural Vaccination Center,13,0,13,334,0.0389
2021-08-17,MLD-01,Malard Central Health Center,27,0,27,554,0.0487
2021-08-17,MLD-02,Sabashahr Health Center,26,0,26,473,0.055
2021-08-17,MLD-03,Vahedieh Health Center,25,0,25,427,0.0585
2021-08-17,MLD-04,Sadeghieh-e Malard Vaccination Center,12,0,12,397,0.0302
2021-08-17,MLD-05,Chelab Rural Vaccination Center,10,0,10,330,0.0303
2021-08-18,MLD-01,Malard Central Health Center,29,0,29,563,0.0515
2021-08-18,MLD-02,Sabashahr Health Center,26,0,26,546,0.0476
2021-08-18,MLD-03,Vahedieh Health Center,37,0,37,434,0.0853
2021-08-18,MLD-04,Sadeghieh-e Malard Vaccination Center,25,0,25,379,0.066
2021-08-18,MLD-05,Chelab Rural Vaccination Center,17,0,17,307,0.0554
2021-08-19,MLD-01,Malard Central Health Center,36,0,36,538,0.0669
2021-08-19,MLD-02,Sabashahr Health Center,31,0,31,431,0.0719
2021-08-19,MLD-03,Vahedieh Health Center,26,0,26,383,0.0679
2021-08-19,MLD-04,Sadeghieh-e Malard Vaccination Center,14,0,14,354,0.0395
2021-08-19,MLD-05,Chelab Rural Vaccination Center,14,0,14,260,0.0538
2021-08-20,MLD-01,Malard Central Health Center,13,0,13,221,0.0588
2021-08-20,MLD-02,Sabashahr Health Center,16,0,16,188,0.0851
2021-08-20,MLD-03,Vahedieh Health Center,14,0,14,151,0.0927
2021-08-20,MLD-04,Sadeghieh-e Malard Vaccination Center,14,0,14,163,0.0859
2021-08-20,MLD-05,Chelab Rural Vaccination Center,10,0,10,116,0.0862
2021-08-21,MLD-01,Malard Central Health Center,54,0,54,675,0.08
2021-08-21,MLD-02,Sabashahr Health Center,37,0,37,490,0.0755
2021-08-21,MLD-03,Vahedieh Health Center,27,0,27,457,0.0591
2021-08-21,MLD-04,Sadeghieh-e Malard Vaccination Center,48,0,48,513,0.0936
2021-08-21,MLD-05,Chelab Rural Vaccination Center,11,0,11,318,0.0346
2021-08-22,MLD-01,Malard Central Health Center,28,0,28,611,0.0458
2021-08-22,MLD-02,Sabashahr Health Center,22,0,22,581,0.0379
2021-08-22,MLD-03,Vahedieh Health Center,26,0,26,452,0.0575
2021-08-22,MLD-04,Sadeghieh-e Malard Vaccination Center,30,0,30,456,0.0658
2021-08-22,MLD-05,Chelab Rural Vaccination Center,13,0,13,323,0.0402
2021-08-23,MLD-01,Malard Central Health Center,44,0,44,638,0.069
2021-08-23,MLD-02,Sabashahr Health Center,30,0,30,543,0.0552
2021-08-23,MLD-03,Vahedieh Health Center,19,0,19,467,0.0407
2021-08-23,MLD-04,Sadeghieh-e Malard Vaccination Center,30,0,30,497,0.0604
2021-08-23,MLD-05,Chelab Rural Vaccination Center,16,0,16,345,0.0464
2021-08-24,MLD-01,Malard Central Health Center,44,0,44,680,0.0647
2021-08-24,MLD-02,Sabashahr Health Center,25,0,25,573,0.0436
2021-08-24,MLD-03,Vahedieh Health Center,27,0,27,468,0.0577
2021-08-24,MLD-04,Sadeghieh-e Malard Vaccination Center,31,0,31,458,0.0677
2021-08-24,MLD-05,Chelab Rural Vaccination Center,17,0,17,358,0.0475
2021-08-25,MLD-01,Malard Central Health Center,53,0,53,671,0.079
2021-08-25,MLD-02,Sabashahr Health Center,22,0,22,540,0.0407
2021-08-25,MLD-03,Vahedieh Health Center,37,0,37,545,0.0679
2021-08-25,MLD-04,Sadeghieh-e Malard Vaccination Center,24,0,24,418,0.0574
2021-08-25,MLD-05,Chelab Rural Vaccination Center,30,0,30,389,0.0771
2021-08-26,MLD-01,Malard Central Health Center,36,0,36,584,0.0616
2021-08-26,MLD-02,Sabashahr Health Center,22,0,22,502,0.0438
2021-08-26,MLD-03,Vahedieh Health Center,44,0,44,427,0.103
2021-08-26,MLD-04,Sadeghieh-e Malard Vaccination Center,31,0,31,453,0.0684
2021-08-26,MLD-05,Chelab Rural Vaccination Center,12,0,12,287,0.0418
2021-08-27,MLD-01,Malard Central Health Center,27,0,27,240,0.1125
2021-08-27,MLD-02,Sabashahr Health Center,12,0,12,228,0.0526
2021-08-27,MLD-03,Vahedieh Health Center,12,0,12,169,0.071
2021-08-27,MLD-04,Sadeghieh-e Malard Vaccination Center,14,0,14,177,0.0791
2021-08-27,MLD-05,Chelab Rural Vaccination Center,10,0,10,138,0.0725
2021-08-28,MLD-01,Malard Central Health Center,27,0,27,775,0.0348
2021-08-28,MLD-02,Sabashahr Health Center,33,0,33,583,0.0566
2021-08-28,MLD-03,Vahedieh Health Center,16,0,16,529,0.0302
2021-08-28,MLD-04,Sadeghieh-e Malard Vaccination Center,13,0,13,423,0.0307
2021-08-28,MLD-05,Chelab Rural Vaccination Center,18,0,18,314,0.0573
2021-08-29,MLD-01,Malard Central Health Center,27,0,27,651,0.0415
2021-08-29,MLD-02,Sabashahr Health Center,30,0,30,645,0.0465
2021-08-29,MLD-03,Vahedieh Health Center,38,0,38,571,0.0665
2021-08-29,MLD-04,Sadeghieh-e Malard Vaccination Center,15,0,15,499,0.0301
2021-08-29,MLD-05,Chelab Rural Vaccination Center,29,0,29,347,0.0836
2021-08-30,MLD-01,Malard Central Health Center,20,0,20,672,0.0298
2021-08-30,MLD-02,Sabashahr Health Center,20,0,20,674,0.0297
2021-08-30,MLD-03,Vahedieh Health Center,15,0,15,507,0.0296
2021-08-30,MLD-04,Sadeghieh-e Malard Vaccination Center,32,0,32,502,0.0637
2021-08-30,MLD-05,Chelab Rural Vaccination Center,12,0,12,355,0.0338
2021-08-31,MLD-01,Malard Central Health Center,66,0,66,707,0.0934
2021-08-31,MLD-02,Sabashahr Health Center,21,0,21,688,0.0305
2021-08-31,MLD-03,Vahedieh Health Center,52,0,52,544,0.0956
2021-08-31,MLD-04,Sadeghieh-e Malard Vaccination Center,38,0,38,492,0.0772
2021-08-31,MLD-05,Chelab Rural Vaccination Center,13,0,13,397,0.0327
2021-09-01,MLD-01,Malard Central Health Center,27,0,27,770,0.0351
2021-09-01,MLD-02,Sabashahr Health Center,36,0,36,659,0.0546
2021-09-01,MLD-03,Vahedieh Health Center,43,0,43,555,0.0775
2021-09-01,MLD-04,Sadeghieh-e Malard Vaccination Center,31,0,31,460,0.0674
2021-09-01,MLD-05,Chelab Rural Vaccination Center,26,0,26,375,0.0693
2021-09-02,MLD-01,Malard Central Health Center,27,0,27,614,0.044
2021-09-02,MLD-02,Sabashahr Health Center,60,0,60,572,0.1049
2021-09-02,MLD-03,Vahedieh Health Center,14,0,14,480,0.0292
2021-09-02,MLD-04,Sadeghieh-e Malard Vaccination Center,22,0,22,385,0.0571
2021-09-02,MLD-05,Chelab Rural Vaccination Center,10,0,10,306,0.0327
2021-09-03,MLD-01,Malard Central Health Center,27,0,27,248,0.1089
2021-09-03,MLD-02,Sabashahr Health Center,22,0,22,250,0.088
2021-09-03,MLD-03,Vahedieh Health Center,12,0,12,183,0.0656
2021-09-03,MLD-04,Sadeghieh-e Malard Vaccination Center,15,0,15,194,0.0773
2021-09-03,MLD-05,Chelab Rural Vaccination Center,9,0,9,126,0.0714
2021-09-04,MLD-01,Malard Central Health Center,37,0,37,797,0.0464
2021-09-04,MLD-02,Sabashahr Health Center,28,0,28,579,0.0484
2021-09-04,MLD-03,Vahedieh Health Center,23,0,23,509,0.0452
2021-09-04,MLD-04,Sadeghieh-e Malard Vaccination Center,23,0,23,532,0.0432
2021-09-04,MLD-05,Chelab Rural Vaccination Center,18,0,18,326,0.0552
2021-09-05,MLD-01,Malard Central Health Center,50,0,50,805,0.0621
2021-09-05,MLD-02,Sabashahr Health Center,34,0,34,649,0.0524
2021-09-05,MLD-03,Vahedieh Health Center,21,0,21,483,0.0435
2021-09-05,MLD-04,Sadeghieh-e Malard Vaccination Center,28,0,28,507,0.0552
2021-09-05,MLD-05,Chelab Rural Vaccination Center,21,0,21,373,0.0563
2021-09-06,MLD-01,Malard Central Health Center,21,0,21,689,0.0305
2021-09-06,MLD-02,Sabashahr Health Center,48,31,79,664,0.119
2021-09-06,MLD-03,Vahedieh Health Center,38,0,38,601,0.0632
2021-09-06,MLD-04,Sadeghieh-e Malard Vaccination Center,22,0,22,517,0.0426
2021-09-06,MLD-05,Chelab Rural Vaccination Center,14,0,14,388,0.0361
2021-09-07,MLD-01,Malard Central Health Center,44,0,44,700,0.0629
2021-09-07,MLD-02,Sabashahr Health Center,24,0,24,642,0.0374
2021-09-07,MLD-03,Vahedieh Health Center,45,0,45,640,0.0703
2021-09-07,MLD-04,Sadeghieh-e Malard Vaccination Center,17,0,17,553,0.0307
2021-09-07,MLD-05,Chelab Rural Vaccination Center,19,0,19,334,0.0569
2021-09-08,MLD-01,Malard Central Health Center,40,0,40,809,0.0494
2021-09-08,MLD-02,Sabashahr Health Center,31,0,31,634,0.0489
2021-09-08,MLD-03,Vahedieh Health Center,38,0,38,483,0.0787
2021-09-08,MLD-04,Sadeghieh-e Malard Vaccination Center,15,0,15,515,0.0291
2021-09-08,MLD-05,Chelab Rural Vaccination Center,16,0,16,430,0.0372
2021-09-09,MLD-01,Malard Central Health Center,39,0,39,702,0.0556
2021-09-09,MLD-02,Sabashahr Health Center,18,0,18,493,0.0365
2021-09-09,MLD-03,Vahedieh Health Center,30,0,30,459,0.0654
2021-09-09,MLD-04,Sadeghieh-e Malard Vaccination Center,14,0,14,435,0.0322
2021-09-09,MLD-05,Chelab Rural Vaccination Center,27,0,27,390,0.0692
2021-09-10,MLD-01,Malard Central Health Center,22,0,22,293,0.0751
2021-09-10,MLD-02,Sabashahr Health Center,20,0,20,240,0.0833
2021-09-10,MLD-03,Vahedieh Health Center,11,0,11,197,0.0558
2021-09-10,MLD-04,Sadeghieh-e Malard Vaccination Center,11,0,11,175,0.0629
2021-09-10,MLD-05,Chelab Rural Vaccination Center,11,0,11,142,0.0775
2021-09-11,MLD-01,Malard Central Health Center,82,0,82,827,0.0992
2021-09-11,MLD-02,Sabashahr Health Center,44,0,44,713,0.0617
2021-09-11,MLD-03,Vahedieh Health Center,15,0,15,509,0.0295
2021-09-11,MLD-04,Sadeghieh-e Malard Vaccination Center,18,0,18,477,0.0377
2021-09-11,MLD-05,Chelab Rural Vaccination Center,13,0,13,439,0.0296
2021-09-12,MLD-01,Malard Central Health Center,31,0,31,731,0.0424
2021-09-12,MLD-02,Sabashahr Health Center,41,0,41,735,0.0558
2021-09-12,MLD-03,Vahedieh Health Center,40,0,40,543,0.0737
2021-09-12,MLD-04,Sadeghieh-e Malard Vaccination Center,17,0,17,503,0.0338
2021-09-12,MLD-05,Chelab Rural Vaccination Center,13,0,13,445,0.0292
2021-09-13,MLD-01,Malard Central Health Center,48,0,48,866,0.0554
2021-09-13,MLD-02,Sabashahr Health Center,25,0,25,630,0.0397
2021-09-13,MLD-03,Vahedieh Health Center,16,0,16,538,0.0297
2021-09-13,MLD-04,Sadeghieh-e Malard Vaccination Center,18,0,18,480,0.0375
2021-09-13,MLD-05,Chelab Rural Vaccination Center,19,0,19,449,0.0423
2021-09-14,MLD-01,Malard Central Health Center,48,0,48,889,0.054
2021-09-14,MLD-02,Sabashahr Health Center,33,0,33,654,0.0505
2021-09-14,MLD-03,Vahedieh Health Center,23,0,23,603,0.0381
2021-09-14,MLD-04,Sadeghieh-e Malard Vaccination Center,29,0,29,565,0.0513
2021-09-14,MLD-05,Chelab Rural Vaccination Center,31,0,31,381,0.0814
2021-09-15,MLD-01,Malard Central Health Center,79,0,79,856,0.0923
2021-09-15,MLD-02,Sabashahr Health Center,45,0,45,586,0.0768
2021-09-15,MLD-03,Vahedieh Health Center,31,0,31,683,0.0454
2021-09-15,MLD-04,Sadeghieh-e Malard Vaccination Center,30,0,30,557,0.0539
2021-09-15,MLD-05,Chelab Rural Vaccination Center,14,0,14,432,0.0324
2021-09-16,MLD-01,Malard Central Health Center,55,0,55,696,0.079
2021-09-16,MLD-02,Sabashahr Health Center,17,0,17,559,0.0304
2021-09-16,MLD-03,Vahedieh Health Center,14,0,14,479,0.0292
2021-09-16,MLD-04,Sadeghieh-e Malard Vaccination Center,25,0,25,543,0.046
2021-09-16,MLD-05,Chelab Rural Vaccination Center,28,0,28,315,0.0889
2021-09-17,MLD-01,Malard Central Health Center,8,0,8,277,0.0289
2021-09-17,MLD-02,Sabashahr Health Center,12,0,12,231,0.0519
2021-09-17,MLD-03,Vahedieh Health Center,12,0,12,207,0.058
2021-09-17,MLD-04,Sadeghieh-e Malard Vaccination Center,25,0,25,228,0.1096
2021-09-17,MLD-05,Chelab Rural Vaccination Center,11,0,11,144,0.0764
2021-09-18,MLD-01,Malard Central Health Center,32,0,32,839,0.0381
2021-09-18,MLD-02,Sabashahr Health Center,20,0,20,654,0.0306
2021-09-18,MLD-03,Vahedieh Health Center,29,0,29,619,0.0468
2021-09-18,MLD-04,Sadeghieh-e Malard Vaccination Center,37,0,37,566,0.0654
2021-09-18,MLD-05,Chelab Rural Vaccination Center,12,0,12,362,0.0331
2021-09-19,MLD-01,Malard Central Health Center,42,0,42,829,0.0507
2021-09-19,MLD-02,Sabashahr Health Center,23,0,23,754,0.0305
2021-09-19,MLD-03,Vahedieh Health Center,19,0,19,556,0.0342
2021-09-19,MLD-04,Sadeghieh-e Malard Vaccination Center,24,0,24,441,0.0544
2021-09-19,MLD-05,Chelab Rural Vaccination Center,41,0,41,436,0.094
2021-09-20,MLD-01,Malard Central Health Center,69,0,69,889,0.0776
2021-09-20,MLD-02,Sabashahr Health Center,26,0,26,611,0.0426
2021-09-20,MLD-03,Vahedieh Health Center,50,0,50,615,0.0813
2021-09-20,MLD-04,Sadeghieh-e Malard Vaccination Center,23,0,23,534,0.0431
2021-09-20,MLD-05,Chelab Rural Vaccination Center,12,0,12,391,0.0307
2021-09-21,MLD-01,Malard Central Health Center,38,0,38,802,0.0474
2021-09-21,MLD-02,Sabashahr Health Center,52,0,52,752,0.0691
2021-09-21,MLD-03,Vahedieh Health Center,15,0,15,502,0.0299
2021-09-21,MLD-04,Sadeghieh-e Malard Vaccination Center,18,0,18,592,0.0304
2021-09-21,MLD-05,Chelab Rural Vaccination Center,24,0,24,453,0.053
2021-09-22,MLD-01,Malard Central Health Center,47,0,47,832,0.0565
2021-09-22,MLD-02,Sabashahr Health Center,48,0,48,729,0.0658
2021-09-22,MLD-03,Vahedieh Health Center,19,0,19,548,0.0347
2021-09-22,MLD-04,Sadeghieh-e Malard Vaccination Center,18,0,18,596,0.0302
2021-09-22,MLD-05,Chelab Rural Vaccination Center,14,0,14,390,0.0359
2021-09-23,MLD-01,Malard Central Health Center,24,13,37,656,0.0564
2021-09-23,MLD-02,Sabashahr Health Center,21,0,21,582,0.0361
2021-09-23,MLD-03,Vahedieh Health Center,17,0,17,466,0.0365
2021-09-23,MLD-04,Sadeghieh-e Malard Vaccination Center,21,0,21,489,0.0429
2021-09-23,MLD-05,Chelab Rural Vaccination Center,14,0,14,397,0.0353
2021-09-24,MLD-01,Malard Central Health Center,22,0,22,305,0.0721
2021-09-24,MLD-02,Sabashahr Health Center,15,0,15,258,0.0581
2021-09-24,MLD-03,Vahedieh Health Center,15,0,15,205,0.0732
2021-09-24,MLD-04,Sadeghieh-e Malard Vaccination Center,16,0,16,209,0.0766
2021-09-24,MLD-05,Chelab Rural Vaccination Center,12,0,12,157,0.0764
2021-09-25,MLD-01,Malard Central Health Center,75,17,92,940,0.0979
2021-09-25,MLD-02,Sabashahr Health Center,35,0,35,709,0.0494
2021-09-25,MLD-03,Vahedieh Health Center,21,0,21,604,0.0348
2021-09-25,MLD-04,Sadeghieh-e Malard Vaccination Center,25,0,25,519,0.0482
2021-09-25,MLD-05,Chelab Rural Vaccination Center,13,0,13,411,0.0316
2021-09-26,MLD-01,Malard Central Health Center,44,0,44,811,0.0543
2021-09-26,MLD-02,Sabashahr Health Center,22,0,22,723,0.0304
2021-09-26,MLD-03,Vahedieh Health Center,19,0,19,634,0.03
2021-09-26,MLD-04,Sadeghieh-e Malard Vaccination Center,32,0,32,633,0.0506
2021-09-26,MLD-05,Chelab Rural Vaccination Center,29,0,29,454,0.0639
2021-09-27,MLD-01,Malard Central Health Center,31,0,31,807,0.0384
2021-09-27,MLD-02,Sabashahr Health Center,58,0,58,878,0.0661
2021-09-27,MLD-03,Vahedieh Health Center,27,0,27,596,0.0453
2021-09-27,MLD-04,Sadeghieh-e Malard Vaccination Center,34,0,34,587,0.0579
2021-09-27,MLD-05,Chelab Rural Vaccination Center,13,0,13,406,0.032
2021-09-28,MLD-01,Malard Central Health Center,27,0,27,803,0.0336
2021-09-28,MLD-02,Sabashahr Health Center,24,0,24,668,0.0359
2021-09-28,MLD-03,Vahedieh Health Center,21,0,21,712,0.0295
2021-09-28,MLD-04,Sadeghieh-e Malard Vaccination Center,37,0,37,614,0.0603
2021-09-28,MLD-05,Chelab Rural Vaccination Center,21,0,21,513,0.0409
2021-09-29,MLD-01,Malard Central Health Center,43,0,43,776,0.0554
2021-09-29,MLD-02,Sabashahr Health Center,23,0,23,759,0.0303
2021-09-29,MLD-03,Vahedieh Health Center,21,0,21,656,0.032
2021-09-29,MLD-04,Sadeghieh-e Malard Vaccination Center,32,0,32,643,0.0498
2021-09-29,MLD-05,Chelab Rural Vaccination Center,41,0,41,509,0.0806
2021-09-30,MLD-01,Malard Central Health Center,27,0,27,745,0.0362
2021-09-30,MLD-02,Sabashahr Health Center,19,0,19,648,0.0293
2021-09-30,MLD-03,Vahedieh Health Center,30,0,30,541,0.0555
2021-09-30,MLD-04,Sadeghieh-e Malard Vaccination Center,21,0,21,533,0.0394
2021-09-30,MLD-05,Chelab Rural Vaccination Center,17,0,17,374,0.0455
2021-10-01,MLD-01,Malard Central Health Center,24,0,24,323,0.0743
2021-10-01,MLD-02,Sabashahr Health Center,22,0,22,275,0.08
2021-10-01,MLD-03,Vahedieh Health Center,13,21,34,239,0.1423
2021-10-01,MLD-04,Sadeghieh-e Malard Vaccination Center,25,0,25,230,0.1087
2021-10-01,MLD-05,Chelab Rural Vaccination Center,16,0,16,179,0.0894
2021-10-02,MLD-01,Malard Central Health Center,38,0,38,809,0.047
2021-10-02,MLD-02,Sabashahr Health Center,23,0,23,774,0.0297
2021-10-02,MLD-03,Vahedieh Health Center,20,0,20,670,0.0299
2021-10-02,MLD-04,Sadeghieh-e Malard Vaccination Center,20,0,20,676,0.0296
2021-10-02,MLD-05,Chelab Rural Vaccination Center,15,0,15,408,0.0368
2021-10-03,MLD-01,Malard Central Health Center,26,0,26,870,0.0299
2021-10-03,MLD-02,Sabashahr Health Center,47,0,47,805,0.0584
2021-10-03,MLD-03,Vahedieh Health Center,43,0,43,695,0.0619
2021-10-03,MLD-04,Sadeghieh-e Malard Vaccination Center,18,0,18,609,0.0296
2021-10-03,MLD-05,Chelab Rural Vaccination Center,36,0,36,432,0.0833
2021-10-04,MLD-01,Malard Central Health Center,57,0,57,960,0.0594
2021-10-04,MLD-02,Sabashahr Health Center,41,0,41,774,0.053
2021-10-04,MLD-03,Vahedieh Health Center,25,0,25,682,0.0367
2021-10-04,MLD-04,Sadeghieh-e Malard Vaccination Center,17,0,17,571,0.0298
2021-10-04,MLD-05,Chelab Rural Vaccination Center,13,0,13,435,0.0299
2021-10-05,MLD-01,Malard Central Health Center,24,0,24,807,0.0297
2021-10-05,MLD-02,Sabashahr Health Center,24,0,24,789,0.0304
2021-10-05,MLD-03,Vahedieh Health Center,33,0,33,696,0.0474
2021-10-05,MLD-04,Sadeghieh-e Malard Vaccination Center,19,0,19,642,0.0296
2021-10-05,MLD-05,Chelab Rural Vaccination Center,21,0,21,474,0.0443
2021-10-06,MLD-01,Malard Central Health Center,27,0,27,903,0.0299
2021-10-06,MLD-02,Sabashahr Health Center,35,0,35,691,0.0507
2021-10-06,MLD-03,Vahedieh Health Center,43,0,43,657,0.0654
2021-10-06,MLD-04,Sadeghieh-e Malard Vaccination Center,29,0,29,688,0.0422
2021-10-06,MLD-05,Chelab Rural Vaccination Center,31,0,31,527,0.0588
2021-10-07,MLD-01,Malard Central Health Center,42,0,42,792,0.053
2021-10-07,MLD-02,Sabashahr Health Center,32,0,32,640,0.05
2021-10-07,MLD-03,Vahedieh Health Center,23,0,23,524,0.0439
2021-10-07,MLD-04,Sadeghieh-e Malard Vaccination Center,38,0,38,585,0.065
2021-10-07,MLD-05,Chelab Rural Vaccination Center,23,0,23,414,0.0556
2021-10-08,MLD-01,Malard Central Health Center,25,0,25,310,0.0806
2021-10-08,MLD-02,Sabashahr Health Center,24,0,24,272,0.0882
2021-10-08,MLD-03,Vahedieh Health Center,13,0,13,262,0.0496
2021-10-08,MLD-04,Sadeghieh-e Malard Vaccination Center,19,0,19,241,0.0788
2021-10-08,MLD-05,Chelab Rural Vaccination Center,19,0,19,171,0.1111
2021-10-09,MLD-01,Malard Central Health Center,39,0,39,1067,0.0366
2021-10-09,MLD-02,Sabashahr Health Center,42,0,42,731,0.0575
2021-10-09,MLD-03,Vahedieh Health Center,24,0,24,636,0.0377
2021-10-09,MLD-04,Sadeghieh-e Malard Vaccination Center,36,0,36,647,0.0556
2021-10-09,MLD-05,Chelab Rural Vaccination Center,15,0,15,444,0.0338
2021-10-10,MLD-01,Malard Central Health Center,56,0,56,969,0.0578
2021-10-10,MLD-02,Sabashahr Health Center,22,0,22,734,0.03
2021-10-10,MLD-03,Vahedieh Health Center,22,0,22,749,0.0294
2021-10-10,MLD-04,Sadeghieh-e Malard Vaccination Center,29,0,29,605,0.0479
2021-10-10,MLD-05,Chelab Rural Vaccination Center,20,0,20,435,0.046
2021-10-11,MLD-01,Malard Central Health Center,56,0,56,852,0.0657
2021-10-11,MLD-02,Sabashahr Health Center,25,0,25,797,0.0314
2021-10-11,MLD-03,Vahedieh Health Center,32,0,32,700,0.0457
2021-10-11,MLD-04,Sadeghieh-e Malard Vaccination Center,30,0,30,636,0.0472
2021-10-11,MLD-05,Chelab Rural Vaccination Center,18,0,18,529,0.034
2021-10-12,MLD-01,Malard Central Health Center,33,0,33,879,0.0375
2021-10-12,MLD-02,Sabashahr Health Center,25,0,25,791,0.0316
2021-10-12,MLD-03,Vahedieh Health Center,20,0,20,668,0.0299
2021-10-12,MLD-04,Sadeghieh-e Malard Vaccination Center,20,0,20,668,0.0299
2021-10-12,MLD-05,Chelab Rural Vaccination Center,15,0,15,502,0.0299
2021-10-13,MLD-01,Malard Central Health Center,38,0,38,909,0.0418
2021-10-13,MLD-02,Sabashahr Health Center,27,0,27,896,0.0301
2021-10-13,MLD-03,Vahedieh Health Center,21,0,21,696,0.0302
2021-10-13,MLD-04,Sadeghieh-e Malard Vaccination Center,31,0,31,595,0.0521
2021-10-13,MLD-05,Chelab Rural Vaccination Center,15,0,15,445,0.0337
2021-10-14,MLD-01,Malard Central Health Center,32,0,32,829,0.0386
2021-10-14,MLD-02,Sabashahr Health Center,27,0,27,715,0.0378
2021-10-14,MLD-03,Vahedieh Health Center,20,0,20,572,0.035
2021-10-14,MLD-04,Sadeghieh-e Malard Vaccination Center,24,0,24,503,0.0477
2021-10-14,MLD-05,Chelab Rural Vaccination Center,13,0,13,419,0.031
2021-10-15,MLD-01,Malard Central Health Center,21,0,21,306,0.0686
2021-10-15,MLD-02,Sabashahr Health Center,20,0,20,282,0.0709
2021-10-15,MLD-03,Vahedieh Health Center,14,0,14,248,0.0565
2021-10-15,MLD-04,Sadeghieh-e Malard Vaccination Center,23,0,23,262,0.0878
2021-10-15,MLD-05,Chelab Rural Vaccination Center,15,0,15,183,0.082
2021-10-16,MLD-01,Malard Central Health Center,38,0,38,899,0.0423
2021-10-16,MLD-02,Sabashahr Health Center,26,0,26,869,0.0299
2021-10-16,MLD-03,Vahedieh Health Center,21,0,21,684,0.0307
2021-10-16,MLD-04,Sadeghieh-e Malard Vaccination Center,33,0,33,604,0.0546
2021-10-16,MLD-05,Chelab Rural Vaccination Center,22,0,22,487,0.0452
2021-10-17,MLD-01,Malard Central Health Center,46,0,46,885,0.052
2021-10-17,MLD-02,Sabashahr Health Center,52,0,52,898,0.0579
2021-10-17,MLD-03,Vahedieh Health Center,24,0,24,793,0.0303
2021-10-17,MLD-04,Sadeghieh-e Malard Vaccination Center,30,0,30,568,0.0528
2021-10-17,MLD-05,Chelab Rural Vaccination Center,35,0,35,436,0.0803
2021-10-18,MLD-01,Malard Central Health Center,36,0,36,924,0.039
2021-10-18,MLD-02,Sabashahr Health Center,35,0,35,829,0.0422
2021-10-18,MLD-03,Vahedieh Health Center,40,0,40,659,0.0607
2021-10-18,MLD-04,Sadeghieh-e Malard Vaccination Center,29,0,29,697,0.0416
2021-10-18,MLD-05,Chelab Rural Vaccination Center,14,0,14,431,0.0325
2021-10-19,MLD-01,Malard Central Health Center,32,0,32,964,0.0332
2021-10-19,MLD-02,Sabashahr Health Center,64,0,64,831,0.077
2021-10-19,MLD-03,Vahedieh Health Center,22,0,22,586,0.0375
2021-10-19,MLD-04,Sadeghieh-e Malard Vaccination Center,21,0,21,707,0.0297
2021-10-19,MLD-05,Chelab Rural Vaccination Center,15,0,15,504,0.0298
2021-10-20,MLD-01,Malard Central Health Center,26,0,26,852,0.0305
2021-10-20,MLD-02,Sabashahr Health Center,26,0,26,867,0.03
2021-10-20,MLD-03,Vahedieh Health Center,44,0,44,653,0.0674
2021-10-20,MLD-04,Sadeghieh-e Malard Vaccination Center,21,0,21,688,0.0305
2021-10-20,MLD-05,Chelab Rural Vaccination Center,15,0,15,500,0.03
2021-10-21,MLD-01,Malard Central Health Center,51,0,51,769,0.0663
2021-10-21,MLD-02,Sabashahr Health Center,38,0,38,707,0.0537
2021-10-21,MLD-03,Vahedieh Health Center,26,0,26,657,0.0396
2021-10-21,MLD-04,Sadeghieh-e Malard Vaccination Center,20,0,20,543,0.0368
2021-10-21,MLD-05,Chelab Rural Vaccination Center,20,0,20,401,0.0499
2021-10-22,MLD-01,Malard Central Health Center,22,0,22,345,0.0638
2021-10-22,MLD-02,Sabashahr Health Center,21,0,21,268,0.0784
2021-10-22,MLD-03,Vahedieh Health Center,15,0,15,243,0.0617
2021-10-22,MLD-04,Sadeghieh-e Malard Vaccination Center,12,0,12,224,0.0536
2021-10-22,MLD-05,Chelab Rural Vaccination Center,10,0,10,182,0.0549
2021-10-23,MLD-01,Malard Central Health Center,25,0,25,814,0.0307
2021-10-23,MLD-02,Sabashahr Health Center,25,0,25,849,0.0294
2021-10-23,MLD-03,Vahedieh Health Center,49,0,49,734,0.0668
2021-10-23,MLD-04,Sadeghieh-e Malard Vaccination Center,30,0,30,714,0.042
2021-10-23,MLD-05,Chelab Rural Vaccination Center,26,0,26,484,0.0537
2021-10-24,MLD-01,Malard Central Health Center,29,0,29,951,0.0305
2021-10-24,MLD-02,Sabashahr Health Center,52,0,52,796,0.0653
2021-10-24,MLD-03,Vahedieh Health Center,37,0,37,707,0.0523
2021-10-24,MLD-04,Sadeghieh-e Malard Vaccination Center,28,0,28,631,0.0444
2021-10-24,MLD-05,Chelab Rural Vaccination Center,16,0,16,547,0.0293
2021-10-25,MLD-01,Malard Central Health Center,27,0,27,914,0.0295
2021-10-25,MLD-02,Sabashahr Health Center,37,0,37,793,0.0467
2021-10-25,MLD-03,Vahedieh Health Center,28,0,28,688,0.0407
2021-10-25,MLD-04,Sadeghieh-e Malard Vaccination Center,21,0,21,691,0.0304
2021-10-25,MLD-05,Chelab Rural Vaccination Center,15,0,15,507,0.0296
2021-10-26,MLD-01,Malard Central Health Center,49,0,49,907,0.054
2021-10-26,MLD-02,Sabashahr Health Center,24,0,24,804,0.0299
2021-10-26,MLD-03,Vahedieh Health Center,21,0,21,691,0.0304
2021-10-26,MLD-04,Sadeghieh-e Malard Vaccination Center,44,0,44,718,0.0613
2021-10-26,MLD-05,Chelab Rural Vaccination Center,21,0,21,490,0.0429
2021-10-27,MLD-01,Malard Central Health Center,34,0,34,905,0.0376
2021-10-27,MLD-02,Sabashahr Health Center,25,0,25,827,0.0302
2021-10-27,MLD-03,Vahedieh Health Center,51,0,51,667,0.0765
2021-10-27,MLD-04,Sadeghieh-e Malard Vaccination Center,20,0,20,681,0.0294
2021-10-27,MLD-05,Chelab Rural Vaccination Center,33,0,33,555,0.0595
2021-10-28,MLD-01,Malard Central Health Center,26,0,26,849,0.0306
2021-10-28,MLD-02,Sabashahr Health Center,23,0,23,657,0.035
2021-10-28,MLD-03,Vahedieh Health Center,27,0,27,662,0.0408
2021-10-28,MLD-04,Sadeghieh-e Malard Vaccination Center,26,0,26,527,0.0493
2021-10-28,MLD-05,Chelab Rural Vaccination Center,21,0,21,412,0.051
2021-10-29,MLD-01,Malard Central Health Center,30,0,30,380,0.0789
2021-10-29,MLD-02,Sabashahr Health Center,13,0,13,279,0.0466
2021-10-29,MLD-03,Vahedieh Health Center,18,0,18,247,0.0729
2021-10-29,MLD-04,Sadeghieh-e Malard Vaccination Center,13,0,13,225,0.0578
2021-10-29,MLD-05,Chelab Rural Vaccination Center,15,0,15,207,0.0725
2021-10-30,MLD-01,Malard Central Health Center,27,0,27,873,0.0309
2021-10-30,MLD-02,Sabashahr Health Center,75,0,75,814,0.0921
2021-10-30,MLD-03,Vahedieh Health Center,44,0,44,811,0.0543
2021-10-30,MLD-04,Sadeghieh-e Malard Vaccination Center,33,0,33,705,0.0468
2021-10-30,MLD-05,Chelab Rural Vaccination Center,18,0,18,579,0.0311
2021-10-31,MLD-01,Malard Central Health Center,30,0,30,986,0.0304
2021-10-31,MLD-02,Sabashahr Health Center,53,0,53,791,0.067
2021-10-31,MLD-03,Vahedieh Health Center,21,0,21,716,0.0293
2021-10-31,MLD-04,Sadeghieh-e Malard Vaccination Center,22,0,22,730,0.0301
2021-10-31,MLD-05,Chelab Rural Vaccination Center,38,0,38,518,0.0734
2021-11-01,MLD-01,Malard Central Health Center,57,0,57,993,0.0574
2021-11-01,MLD-02,Sabashahr Health Center,26,0,26,852,0.0305
2021-11-01,MLD-03,Vahedieh Health Center,45,0,45,731,0.0616
2021-11-01,MLD-04,Sadeghieh-e Malard Vaccination Center,21,0,21,697,0.0301
2021-11-01,MLD-05,Chelab Rural Vaccination Center,16,0,16,494,0.0324
2021-11-02,MLD-01,Malard Central Health Center,51,0,51,1058,0.0482
2021-11-02,MLD-02,Sabashahr Health Center,42,0,42,912,0.0461
2021-11-02,MLD-03,Vahedieh Health Center,24,0,24,695,0.0345
2021-11-02,MLD-04,Sadeghieh-e Malard Vaccination Center,34,0,34,625,0.0544
2021-11-02,MLD-05,Chelab Rural Vaccination Center,16,0,16,495,0.0323
2021-11-03,MLD-01,Malard Central Health Center,28,0,28,948,0.0295
2021-11-03,MLD-02,Sabashahr Health Center,39,0,39,884,0.0441
2021-11-03,MLD-03,Vahedieh Health Center,55,0,55,730,0.0753
2021-11-03,MLD-04,Sadeghieh-e Malard Vaccination Center,23,0,23,714,0.0322
2021-11-03,MLD-05,Chelab Rural Vaccination Center,15,0,15,491,0.0305
2021-11-04,MLD-01,Malard Central Health Center,57,0,57,875,0.0651
2021-11-04,MLD-02,Sabashahr Health Center,49,0,49,762,0.0643
2021-11-04,MLD-03,Vahedieh Health Center,20,0,20,643,0.0311
2021-11-04,MLD-04,Sadeghieh-e Malard Vaccination Center,41,0,41,563,0.0728
2021-11-04,MLD-05,Chelab Rural Vaccination Center,25,24,49,453,0.1082
2021-11-05,MLD-01,Malard Central Health Center,28,0,28,398,0.0704
2021-11-05,MLD-02,Sabashahr Health Center,29,0,29,293,0.099
2021-11-05,MLD-03,Vahedieh Health Center,19,0,19,247,0.0769
2021-11-05,MLD-04,Sadeghieh-e Malard Vaccination Center,8,0,8,264,0.0303
2021-11-05,MLD-05,Chelab Rural Vaccination Center,12,0,12,168,0.0714
2021-11-06,MLD-01,Malard Central Health Center,63,0,63,921,0.0684
2021-11-06,MLD-02,Sabashahr Health Center,29,0,29,842,0.0344
2021-11-06,MLD-03,Vahedieh Health Center,22,0,22,720,0.0306
2021-11-06,MLD-04,Sadeghieh-e Malard Vaccination Center,23,0,23,764,0.0301
2021-11-06,MLD-05,Chelab Rural Vaccination Center,27,0,27,540,0.05
2021-11-07,MLD-01,Malard Central Health Center,29,0,29,951,0.0305
2021-11-07,MLD-02,Sabashahr Health Center,27,0,27,889,0.0304
2021-11-07,MLD-03,Vahedieh Health Center,21,0,21,692,0.0303
2021-11-07,MLD-04,Sadeghieh-e Malard Vaccination Center,43,0,43,636,0.0676
2021-11-07,MLD-05,Chelab Rural Vaccination Center,17,0,17,564,0.0301
2021-11-08,MLD-01,Malard Central Health Center,33,0,33,1067,0.0309
2021-11-08,MLD-02,Sabashahr Health Center,23,0,23,778,0.0296
2021-11-08,MLD-03,Vahedieh Health Center,20,0,20,670,0.0299
2021-11-08,MLD-04,Sadeghieh-e Malard Vaccination Center,21,0,21,687,0.0306
2021-11-08,MLD-05,Chelab Rural Vaccination Center,20,0,20,525,0.0381
2021-11-09,MLD-01,Malard Central Health Center,43,0,43,940,0.0457
2021-11-09,MLD-02,Sabashahr Health Center,26,0,26,855,0.0304
2021-11-09,MLD-03,Vahedieh Health Center,31,0,31,776,0.0399
2021-11-09,MLD-04,Sadeghieh-e Malard Vaccination Center,22,0,22,604,0.0364
2021-11-09,MLD-05,Chelab Rural Vaccination Center,16,0,16,529,0.0302
2021-11-10,MLD-01,Malard Central Health Center,30,0,30,994,0.0302
2021-11-10,MLD-02,Sabashahr Health Center,24,0,24,809,0.0297
2021-11-10,MLD-03,Vahedieh Health Center,25,0,25,657,0.0381
2021-11-10,MLD-04,Sadeghieh-e Malard Vaccination Center,21,0,21,687,0.0306
2021-11-10,MLD-05,Chelab Rural Vaccination Center,16,0,16,490,0.0327
2021-11-11,MLD-01,Malard Central Health Center,40,0,40,829,0.0483
2021-11-11,MLD-02,Sabashahr Health Center,20,0,20,667,0.03
2021-11-11,MLD-03,Vahedieh Health Center,34,0,34,641,0.053
2021-11-11,MLD-04,Sadeghieh-e Malard Vaccination Center,26,0,26,558,0.0466
2021-11-11,MLD-05,Chelab Rural Vaccination Center,20,0,20,449,0.0445
2021-11-12,MLD-01,Malard Central Health Center,14,0,14,325,0.0431
2021-11-12,MLD-02,Sabashahr Health Center,18,0,18,270,0.0667
2021-11-12,MLD-03,Vahedieh Health Center,13,0,13,289,0.045
2021-11-12,MLD-04,Sadeghieh-e Malard Vaccination Center,19,0,19,256,0.0742
2021-11-12,MLD-05,Chelab Rural Vaccination Center,9,0,9,177,0.0508
2021-11-13,MLD-01,Malard Central Health Center,58,0,58,1046,0.0554
2021-11-13,MLD-02,Sabashahr Health Center,28,0,28,923,0.0303
2021-11-13,MLD-03,Vahedieh Health Center,28,0,28,698,0.0401
2021-11-13,MLD-04,Sadeghieh-e Malard Vaccination Center,19,0,19,625,0.0304
2021-11-13,MLD-05,Chelab Rural Vaccination Center,13,0,13,421,0.0309
2021-11-14,MLD-01,Malard Central Health Center,29,0,29,959,0.0302
2021-11-14,MLD-02,Sabashahr Health Center,56,0,56,798,0.0702
2021-11-14,MLD-03,Vahedieh Health Center,44,0,44,806,0.0546
2021-11-14,MLD-04,Sadeghieh-e Malard Vaccination Center,20,0,20,682,0.0293
2021-11-14,MLD-05,Chelab Rural Vaccination Center,39,0,39,505,0.0772
2021-11-15,MLD-01,Malard Central Health Center,27,0,27,885,0.0305
2021-11-15,MLD-02,Sabashahr Health Center,35,0,35,856,0.0409
2021-11-15,MLD-03,Vahedieh Health Center,37,0,37,705,0.0525
2021-11-15,MLD-04,Sadeghieh-e Malard Vaccination Center,27,0,27,707,0.0382
2021-11-15,MLD-05,Chelab Rural Vaccination Center,22,0,22,467,0.0471
2021-11-16,MLD-01,Malard Central Health Center,30,0,30,1003,0.0299
2021-11-16,MLD-02,Sabashahr Health Center,45,0,45,776,0.058
2021-11-16,MLD-03,Vahedieh Health Center,20,0,20,675,0.0296
2021-11-16,MLD-04,Sadeghieh-e Malard Vaccination Center,21,0,21,686,0.0306
2021-11-16,MLD-05,Chelab Rural Vaccination Center,14,0,14,471,0.0297
2021-11-17,MLD-01,Malard Central Health Center,30,0,30,987,0.0304
2021-11-17,MLD-02,Sabashahr Health Center,47,0,47,905,0.0519
2021-11-17,MLD-03,Vahedieh Health Center,32,0,32,653,0.049
2021-11-17,MLD-04,Sadeghieh-e Malard Vaccination Center,19,0,19,634,0.03
2021-11-17,MLD-05,Chelab Rural Vaccination Center,23,0,23,491,0.0468
2021-11-18,MLD-01,Malard Central Health Center,57,35,92,880,0.1045
2021-11-18,MLD-02,Sabashahr Health Center,25,0,25,707,0.0354
2021-11-18,MLD-03,Vahedieh Health Center,17,0,17,560,0.0304
2021-11-18,MLD-04,Sadeghieh-e Malard Vaccination Center,33,0,33,624,0.0529
2021-11-18,MLD-05,Chelab Rural Vaccination Center,15,14,29,426,0.0681
2021-11-19,MLD-01,Malard Central Health Center,34,0,34,349,0.0974
2021-11-19,MLD-02,Sabashahr Health Center,20,0,20,305,0.0656
2021-11-19,MLD-03,Vahedieh Health Center,14,0,14,253,0.0553
2021-11-19,MLD-04,Sadeghieh-e Malard Vaccination Center,24,0,24,262,0.0916
2021-11-19,MLD-05,Chelab Rural Vaccination Center,12,0,12,173,0.0694
2021-11-20,MLD-01,Malard Central Health Center,50,0,50,1022,0.0489
2021-11-20,MLD-02,Sabashahr Health Center,24,0,24,793,0.0303
2021-11-20,MLD-03,Vahedieh Health Center,23,0,23,679,0.0339
2021-11-20,MLD-04,Sadeghieh-e Malard Vaccination Center,22,0,22,667,0.033
2021-11-20,MLD-05,Chelab Rural Vaccination Center,19,0,19,500,0.038
2021-11-21,MLD-01,Malard Central Health Center,34,0,34,1130,0.0301
2021-11-21,MLD-02,Sabashahr Health Center,43,0,43,823,0.0522
2021-11-21,MLD-03,Vahedieh Health Center,27,0,27,597,0.0452
2021-11-21,MLD-04,Sadeghieh-e Malard Vaccination Center,20,0,20,664,0.0301
2021-11-21,MLD-05,Chelab Rural Vaccination Center,24,0,24,444,0.0541
2021-11-22,MLD-01,Malard Central Health Center,44,0,44,882,0.0499
2021-11-22,MLD-02,Sabashahr Health Center,38,0,38,890,0.0427
2021-11-22,MLD-03,Vahedieh Health Center,22,0,22,738,0.0298
2021-11-22,MLD-04,Sadeghieh-e Malard Vaccination Center,29,0,29,657,0.0441
2021-11-22,MLD-05,Chelab Rural Vaccination Center,14,0,14,465,0.0301
2021-11-23,MLD-01,Malard Central Health Center,49,0,49,936,0.0524
2021-11-23,MLD-02,Sabashahr Health Center,59,0,59,879,0.0671
2021-11-23,MLD-03,Vahedieh Health Center,21,0,21,699,0.03
2021-11-23,MLD-04,Sadeghieh-e Malard Vaccination Center,46,0,46,641,0.0718
2021-11-23,MLD-05,Chelab Rural Vaccination Center,16,0,16,513,0.0312
2021-11-24,MLD-01,Malard Central Health Center,24,0,24,811,0.0296
2021-11-24,MLD-02,Sabashahr Health Center,25,0,25,791,0.0316
2021-11-24,MLD-03,Vahedieh Health Center,23,5,28,770,0.0364
2021-11-24,MLD-04,Sadeghieh-e Malard Vaccination Center,34,0,34,637,0.0534
2021-11-24,MLD-05,Chelab Rural Vaccination Center,35,0,35,557,0.0628
2021-11-25,MLD-01,Malard Central Health Center,27,0,27,896,0.0301
2021-11-25,MLD-02,Sabashahr Health Center,20,0,20,651,0.0307
2021-11-25,MLD-03,Vahedieh Health Center,31,0,31,546,0.0568
2021-11-25,MLD-04,Sadeghieh-e Malard Vaccination Center,39,0,39,602,0.0648
2021-11-25,MLD-05,Chelab Rural Vaccination Center,26,0,26,383,0.0679
2021-11-26,MLD-01,Malard Central Health Center,33,0,33,375,0.088
2021-11-26,MLD-02,Sabashahr Health Center,16,0,16,279,0.0573
2021-11-26,MLD-03,Vahedieh Health Center,17,0,17,244,0.0697
2021-11-26,MLD-04,Sadeghieh-e Malard Vaccination Center,21,0,21,223,0.0942
2021-11-26,MLD-05,Chelab Rural Vaccination Center,11,0,11,169,0.0651
2021-11-27,MLD-01,Malard Central Health Center,29,0,29,964,0.0301
2021-11-27,MLD-02,Sabashahr Health Center,34,0,34,751,0.0453
2021-11-27,MLD-03,Vahedieh Health Center,29,0,29,683,0.0425
2021-11-27,MLD-04,Sadeghieh-e Malard Vaccination Center,19,0,19,638,0.0298
2021-11-27,MLD-05,Chelab Rural Vaccination Center,15,0,15,506,0.0296
2021-11-28,MLD-01,Malard Central Health Center,26,0,26,875,0.0297
2021-11-28,MLD-02,Sabashahr Health Center,25,0,25,818,0.0306
2021-11-28,MLD-03,Vahedieh Health Center,30,0,30,677,0.0443
2021-11-28,MLD-04,Sadeghieh-e Malard Vaccination Center,28,0,28,714,0.0392
2021-11-28,MLD-05,Chelab Rural Vaccination Center,27,0,27,494,0.0547
2021-11-29,MLD-01,Malard Central Health Center,30,0,30,888,0.0338
2021-11-29,MLD-02,Sabashahr Health Center,43,0,43,862,0.0499
2021-11-29,MLD-03,Vahedieh Health Center,29,0,29,696,0.0417
2021-11-29,MLD-04,Sadeghieh-e Malard Vaccination Center,34,0,34,686,0.0496
2021-11-29,MLD-05,Chelab Rural Vaccination Center,20,0,20,470,0.0426
2021-11-30,MLD-01,Malard Central Health Center,40,0,40,851,0.047
2021-11-30,MLD-02,Sabashahr Health Center,38,0,38,829,0.0458
2021-11-30,MLD-03,Vahedieh Health Center,24,0,24,806,0.0298
2021-11-30,MLD-04,Sadeghieh-e Malard Vaccination Center,19,0,19,627,0.0303
2021-11-30,MLD-05,Chelab Rural Vaccination Center,16,0,16,523,0.0306
2021-12-01,MLD-01,Malard Central Health Center,26,0,26,873,0.0298
2021-12-01,MLD-02,Sabashahr Health Center,46,0,46,827,0.0556
2021-12-01,MLD-03,Vahedieh Health Center,21,0,21,691,0.0304
2021-12-01,MLD-04,Sadeghieh-e Malard Vaccination Center,20,0,20,675,0.0296
2021-12-01,MLD-05,Chelab Rural Vaccination Center,14,0,14,462,0.0303
2021-12-02,MLD-01,Malard Central Health Center,15,0,15,165,0.0909
2021-12-02,MLD-02,Sabashahr Health Center,10,0,10,127,0.0787
2021-12-02,MLD-03,Vahedieh Health Center,7,0,7,137,0.0511
2021-12-02,MLD-04,Sadeghieh-e Malard Vaccination Center,9,0,9,131,0.0687
2021-12-02,MLD-05,Chelab Rural Vaccination Center,11,0,11,103,0.1068
2021-12-03,MLD-01,Malard Central Health Center,10,0,10,319,0.0313
2021-12-03,MLD-02,Sabashahr Health Center,8,0,8,265,0.0302
2021-12-03,MLD-03,Vahedieh Health Center,12,0,12,224,0.0536
2021-12-03,MLD-04,Sadeghieh-e Malard Vaccination Center,18,0,18,246,0.0732
2021-12-03,MLD-05,Chelab Rural Vaccination Center,5,0,5,151,0.0331
2021-12-04,MLD-01,Malard Central Health Center,29,0,29,969,0.0299
2021-12-04,MLD-02,Sabashahr Health Center,22,0,22,674,0.0326
2021-12-04,MLD-03,Vahedieh Health Center,38,0,38,693,0.0548
2021-12-04,MLD-04,Sadeghieh-e Malard Vaccination Center,20,0,20,590,0.0339
2021-12-04,MLD-05,Chelab Rural Vaccination Center,27,0,27,436,0.0619
2021-12-05,MLD-01,Malard Central Health Center,26,0,26,847,0.0307
2021-12-05,MLD-02,Sabashahr Health Center,33,0,33,798,0.0414
2021-12-05,MLD-03,Vahedieh Health Center,37,0,37,703,0.0526
2021-12-05,MLD-04,Sadeghieh-e Malard Vaccination Center,16,0,16,545,0.0294
2021-12-05,MLD-05,Chelab Rural Vaccination Center,14,0,14,466,0.03
2021-12-06,MLD-01,Malard Central Health Center,64,0,64,936,0.0684
2021-12-06,MLD-02,Sabashahr Health Center,34,0,34,732,0.0464
2021-12-06,MLD-03,Vahedieh Health Center,47,0,47,726,0.0647
2021-12-06,MLD-04,Sadeghieh-e Malard Vaccination Center,18,0,18,584,0.0308
2021-12-06,MLD-05,Chelab Rural Vaccination Center,20,0,20,436,0.0459
2021-12-07,MLD-01,Malard Central Health Center,28,0,28,768,0.0365
2021-12-07,MLD-02,Sabashahr Health Center,23,0,23,773,0.0298
2021-12-07,MLD-03,Vahedieh Health Center,57,0,57,698,0.0817
2021-12-07,MLD-04,Sadeghieh-e Malard Vaccination Center,19,0,19,629,0.0302
2021-12-07,MLD-05,Chelab Rural Vaccination Center,21,0,21,425,0.0494
2021-12-08,MLD-01,Malard Central Health Center,37,0,37,933,0.0397
2021-12-08,MLD-02,Sabashahr Health Center,23,0,23,756,0.0304
2021-12-08,MLD-03,Vahedieh Health Center,21,0,21,562,0.0374
2021-12-08,MLD-04,Sadeghieh-e Malard Vaccination Center,17,0,17,561,0.0303
2021-12-08,MLD-05,Chelab Rural Vaccination Center,18,0,18,432,0.0417
2021-12-09,MLD-01,Malard Central Health Center,44,0,44,751,0.0586
2021-12-09,MLD-02,Sabashahr Health Center,29,0,29,591,0.0491
2021-12-09,MLD-03,Vahedieh Health Center,15,0,15,508,0.0295
2021-12-09,MLD-04,Sadeghieh-e Malard Vaccination Center,16,0,16,522,0.0307
2021-12-09,MLD-05,Chelab Rural Vaccination Center,21,0,21,428,0.0491
2021-12-10,MLD-01,Malard Central Health Center,28,0,28,296,0.0946
2021-12-10,MLD-02,Sabashahr Health Center,10,0,10,256,0.0391
2021-12-10,MLD-03,Vahedieh Health Center,22,0,22,226,0.0973
2021-12-10,MLD-04,Sadeghieh-e Malard Vaccination Center,22,0,22,252,0.0873
2021-12-10,MLD-05,Chelab Rural Vaccination Center,11,0,11,155,0.071
2021-12-11,MLD-01,Malard Central Health Center,27,0,27,891,0.0303
2021-12-11,MLD-02,Sabashahr Health Center,23,0,23,777,0.0296
2021-12-11,MLD-03,Vahedieh Health Center,38,0,38,598,0.0635
2021-12-11,MLD-04,Sadeghieh-e Malard Vaccination Center,17,0,17,556,0.0306
2021-12-11,MLD-05,Chelab Rural Vaccination Center,40,0,40,464,0.0862
2021-12-12,MLD-01,Malard Central Health Center,25,0,25,849,0.0294
2021-12-12,MLD-02,Sabashahr Health Center,38,0,38,747,0.0509
2021-12-12,MLD-03,Vahedieh Health Center,47,0,47,620,0.0758
2021-12-12,MLD-04,Sadeghieh-e Malard Vaccination Center,19,0,19,634,0.03
2021-12-12,MLD-05,Chelab Rural Vaccination Center,13,0,13,442,0.0294
2021-12-13,MLD-01,Malard Central Health Center,72,0,72,853,0.0844
2021-12-13,MLD-02,Sabashahr Health Center,43,0,43,800,0.0538
2021-12-13,MLD-03,Vahedieh Health Center,41,0,41,696,0.0589
2021-12-13,MLD-04,Sadeghieh-e Malard Vaccination Center,25,0,25,568,0.044
2021-12-13,MLD-05,Chelab Rural Vaccination Center,14,0,14,414,0.0338
2021-12-14,MLD-01,Malard Central Health Center,44,0,44,822,0.0535
2021-12-14,MLD-02,Sabashahr Health Center,38,0,38,725,0.0524
2021-12-14,MLD-03,Vahedieh Health Center,34,0,34,661,0.0514
2021-12-14,MLD-04,Sadeghieh-e Malard Vaccination Center,19,0,19,621,0.0306
2021-12-14,MLD-05,Chelab Rural Vaccination Center,36,0,36,493,0.073
2021-12-15,MLD-01,Malard Central Health Center,24,0,24,794,0.0302
2021-12-15,MLD-02,Sabashahr Health Center,40,0,40,761,0.0526
2021-12-15,MLD-03,Vahedieh Health Center,21,0,21,676,0.0311
2021-12-15,MLD-04,Sadeghieh-e Malard Vaccination Center,17,0,17,559,0.0304
2021-12-15,MLD-05,Chelab Rural Vaccination Center,14,0,14,482,0.029
2021-12-16,MLD-01,Malard Central Health Center,42,0,42,680,0.0618
2021-12-16,MLD-02,Sabashahr Health Center,53,0,53,711,0.0745
2021-12-16,MLD-03,Vahedieh Health Center,35,0,35,554,0.0632
2021-12-16,MLD-04,Sadeghieh-e Malard Vaccination Center,21,0,21,535,0.0393
2021-12-16,MLD-05,Chelab Rural Vaccination Center,12,0,12,351,0.0342
2021-12-17,MLD-01,Malard Central Health Center,21,0,21,299,0.0702
2021-12-17,MLD-02,Sabashahr Health Center,29,0,29,283,0.1025
2021-12-17,MLD-03,Vahedieh Health Center,16,0,16,243,0.0658
2021-12-17,MLD-04,Sadeghieh-e Malard Vaccination Center,14,0,14,182,0.0769
2021-12-17,MLD-05,Chelab Rural Vaccination Center,8,0,8,153,0.0523
2021-12-18,MLD-01,Malard Central Health Center,22,0,22,727,0.0303
2021-12-18,MLD-02,Sabashahr Health Center,44,0,44,700,0.0629
2021-12-18,MLD-03,Vahedieh Health Center,43,0,43,666,0.0646
2021-12-18,MLD-04,Sadeghieh-e Malard Vaccination Center,17,0,17,570,0.0298
2021-12-18,MLD-05,Chelab Rural Vaccination Center,31,0,31,505,0.0614
2021-12-19,MLD-01,Malard Central Health Center,74,8,82,748,0.1096
2021-12-19,MLD-02,Sabashahr Health Center,40,0,40,711,0.0563
2021-12-19,MLD-03,Vahedieh Health Center,19,0,19,625,0.0304
2021-12-19,MLD-04,Sadeghieh-e Malard Vaccination Center,29,0,29,638,0.0455
2021-12-19,MLD-05,Chelab Rural Vaccination Center,16,0,16,429,0.0373
2021-12-20,MLD-01,Malard Central Health Center,29,0,29,862,0.0336
2021-12-20,MLD-02,Sabashahr Health Center,27,0,27,630,0.0429
2021-12-20,MLD-03,Vahedieh Health Center,40,0,40,606,0.066
2021-12-20,MLD-04,Sadeghieh-e Malard Vaccination Center,29,0,29,565,0.0513
2021-12-20,MLD-05,Chelab Rural Vaccination Center,14,0,14,409,0.0342
2021-12-21,MLD-01,Malard Central Health Center,41,0,41,787,0.0521
2021-12-21,MLD-02,Sabashahr Health Center,23,0,23,779,0.0295
2021-12-21,MLD-03,Vahedieh Health Center,18,0,18,589,0.0306
2021-12-21,MLD-04,Sadeghieh-e Malard Vaccination Center,14,0,14,473,0.0296
2021-12-21,MLD-05,Chelab Rural Vaccination Center,24,0,24,433,0.0554
2021-12-22,MLD-01,Malard Central Health Center,40,0,40,789,0.0507
2021-12-22,MLD-02,Sabashahr Health Center,46,0,46,681,0.0675
2021-12-22,MLD-03,Vahedieh Health Center,25,0,25,647,0.0386
2021-12-22,MLD-04,Sadeghieh-e Malard Vaccination Center,36,0,36,553,0.0651
2021-12-22,MLD-05,Chelab Rural Vaccination Center,12,0,12,400,0.03
2021-12-23,MLD-01,Malard Central Health Center,30,0,30,636,0.0472
2021-12-23,MLD-02,Sabashahr Health Center,19,0,19,537,0.0354
2021-12-23,MLD-03,Vahedieh Health Center,33,0,33,568,0.0581
2021-12-23,MLD-04,Sadeghieh-e Malard Vaccination Center,36,0,36,499,0.0721
2021-12-23,MLD-05,Chelab Rural Vaccination Center,12,0,12,336,0.0357
2021-12-24,MLD-01,Malard Central Health Center,9,0,9,264,0.0341
2021-12-24,MLD-02,Sabashahr Health Center,16,0,16,235,0.0681
2021-12-24,MLD-03,Vahedieh Health Center,20,0,20,209,0.0957
2021-12-24,MLD-04,Sadeghieh-e Malard Vaccination Center,9,0,9,200,0.045
2021-12-24,MLD-05,Chelab Rural Vaccination Center,11,0,11,155,0.071
2021-12-25,MLD-01,Malard Central Health Center,49,0,49,800,0.0612
2021-12-25,MLD-02,Sabashahr Health Center,45,0,45,552,0.0815
2021-12-25,MLD-03,Vahedieh Health Center,53,0,53,674,0.0786
2021-12-25,MLD-04,Sadeghieh-e Malard Vaccination Center,19,0,19,544,0.0349
2021-12-25,MLD-05,Chelab Rural Vaccination Center,25,0,25,424,0.059
2021-12-26,MLD-01,Malard Central Health Center,23,0,23,758,0.0303
2021-12-26,MLD-02,Sabashahr Health Center,35,0,35,735,0.0476
2021-12-26,MLD-03,Vahedieh Health Center,30,0,30,531,0.0565
2021-12-26,MLD-04,Sadeghieh-e Malard Vaccination Center,57,0,57,550,0.1036
2021-12-26,MLD-05,Chelab Rural Vaccination Center,14,0,14,333,0.042
2021-12-27,MLD-01,Malard Central Health Center,34,0,34,724,0.047
2021-12-27,MLD-02,Sabashahr Health Center,35,26,61,726,0.084
2021-12-27,MLD-03,Vahedieh Health Center,25,0,25,546,0.0458
2021-12-27,MLD-04,Sadeghieh-e Malard Vaccination Center,38,0,38,561,0.0677
2021-12-27,MLD-05,Chelab Rural Vaccination Center,29,0,29,374,0.0775
2021-12-28,MLD-01,Malard Central Health Center,31,0,31,733,0.0423
2021-12-28,MLD-02,Sabashahr Health Center,46,0,46,625,0.0736
2021-12-28,MLD-03,Vahedieh Health Center,31,0,31,547,0.0567
2021-12-28,MLD-04,Sadeghieh-e Malard Vaccination Center,23,0,23,546,0.0421
2021-12-28,MLD-05,Chelab Rural Vaccination Center,14,0,14,370,0.0378
2021-12-29,MLD-01,Malard Central Health Center,27,0,27,730,0.037
2021-12-29,MLD-02,Sabashahr Health Center,36,0,36,667,0.054
2021-12-29,MLD-03,Vahedieh Health Center,24,0,24,507,0.0473
2021-12-29,MLD-04,Sadeghieh-e Malard Vaccination Center,27,0,27,461,0.0586
2021-12-29,MLD-05,Chelab Rural Vaccination Center,21,0,21,390,0.0538
2021-12-30,MLD-01,Malard Central Health Center,25,0,25,583,0.0429
2021-12-30,MLD-02,Sabashahr Health Center,28,0,28,580,0.0483
2021-12-30,MLD-03,Vahedieh Health Center,42,0,42,460,0.0913
2021-12-30,MLD-04,Sadeghieh-e Malard Vaccination Center,13,0,13,413,0.0315
2021-12-30,MLD-05,Chelab Rural Vaccination Center,19,0,19,294,0.0646
2021-12-31,MLD-01,Malard Central Health Center,7,0,7,230,0.0304
2021-12-31,MLD-02,Sabashahr Health Center,6,0,6,205,0.0293
2021-12-31,MLD-03,Vahedieh Health Center,6,0,6,209,0.0287
2021-12-31,MLD-04,Sadeghieh-e Malard Vaccination Center,15,0,15,172,0.0872
2021-12-31,MLD-05,Chelab Rural Vaccination Center,11,0,11,136,0.0809
2022-01-01,MLD-01,Malard Central Health Center,42,0,42,745,0.0564
2022-01-01,MLD-02,Sabashahr Health Center,41,0,41,657,0.0624
2022-01-01,MLD-03,Vahedieh Health Center,20,0,20,484,0.0413
2022-01-01,MLD-04,Sadeghieh-e Malard Vaccination Center,14,0,14,474,0.0295
2022-01-01,MLD-05,Chelab Rural Vaccination Center,9,0,9,316,0.0285
2022-01-02,MLD-01,Malard Central Health Center,48,0,48,691,0.0695
2022-01-02,MLD-02,Sabashahr Health Center,25,0,25,593,0.0422
2022-01-02,MLD-03,Vahedieh Health Center,20,0,20,523,0.0382
2022-01-02,MLD-04,Sadeghieh-e Malard Vaccination Center,32,0,32,491,0.0652
2022-01-02,MLD-05,Chelab Rural Vaccination Center,30,0,30,362,0.0829
2022-01-03,MLD-01,Malard Central Health Center,41,0,41,679,0.0604
2022-01-03,MLD-02,Sabashahr Health Center,22,0,22,634,0.0347
2022-01-03,MLD-03,Vahedieh Health Center,14,0,14,451,0.031
2022-01-03,MLD-04,Sadeghieh-e Malard Vaccination Center,32,0,32,506,0.0632
2022-01-03,MLD-05,Chelab Rural Vaccination Center,23,0,23,334,0.0689
2022-01-04,MLD-01,Malard Central Health Center,56,0,56,594,0.0943
2022-01-04,MLD-02,Sabashahr Health Center,37,0,37,617,0.06
2022-01-04,MLD-03,Vahedieh Health Center,16,0,16,539,0.0297
2022-01-04,MLD-04,Sadeghieh-e Malard Vaccination Center,36,0,36,493,0.073
2022-01-04,MLD-05,Chelab Rural Vaccination Center,15,0,15,371,0.0404
2022-01-05,MLD-01,Malard Central Health Center,34,0,34,754,0.0451
2022-01-05,MLD-02,Sabashahr Health Center,26,0,26,535,0.0486
2022-01-05,MLD-03,Vahedieh Health Center,38,0,38,470,0.0809
2022-01-05,MLD-04,Sadeghieh-e Malard Vaccination Center,47,0,47,460,0.1022
2022-01-05,MLD-05,Chelab Rural Vaccination Center,29,0,29,372,0.078
2022-01-06,MLD-01,Malard Central Health Center,49,0,49,575,0.0852
2022-01-06,MLD-02,Sabashahr Health Center,46,0,46,500,0.092
2022-01-06,MLD-03,Vahedieh Health Center,27,0,27,393,0.0687
2022-01-06,MLD-04,Sadeghieh-e Malard Vaccination Center,34,0,34,428,0.0794
2022-01-06,MLD-05,Chelab Rural Vaccination Center,20,0,20,331,0.0604
2022-01-07,MLD-01,Malard Central Health Center,15,0,15,228,0.0658
2022-01-07,MLD-02,Sabashahr Health Center,12,0,12,205,0.0585
2022-01-07,MLD-03,Vahedieh Health Center,9,0,9,167,0.0539
2022-01-07,MLD-04,Sadeghieh-e Malard Vaccination Center,10,0,10,176,0.0568
2022-01-07,MLD-05,Chelab Rural Vaccination Center,9,0,9,123,0.0732
2022-01-08,MLD-01,Malard Central Health Center,30,0,30,633,0.0474
2022-01-08,MLD-02,Sabashahr Health Center,40,0,40,629,0.0636
2022-01-08,MLD-03,Vahedieh Health Center,28,0,28,548,0.0511
2022-01-08,MLD-04,Sadeghieh-e Malard Vaccination Center,31,0,31,437,0.0709
2022-01-08,MLD-05,Chelab Rural Vaccination Center,26,0,26,343,0.0758
2022-01-09,MLD-01,Malard Central Health Center,38,0,38,663,0.0573
2022-01-09,MLD-02,Sabashahr Health Center,41,0,41,684,0.0599
2022-01-09,MLD-03,Vahedieh Health Center,21,0,21,462,0.0455
2022-01-09,MLD-04,Sadeghieh-e Malard Vaccination Center,33,0,33,486,0.0679
2022-01-09,MLD-05,Chelab Rural Vaccination Center,21,0,21,374,0.0561
2022-01-10,MLD-01,Malard Central Health Center,47,0,47,754,0.0623
2022-01-10,MLD-02,Sabashahr Health Center,57,0,57,640,0.0891
2022-01-10,MLD-03,Vahedieh Health Center,31,0,31,490,0.0633
2022-01-10,MLD-04,Sadeghieh-e Malard Vaccination Center,38,0,38,519,0.0732
2022-01-10,MLD-05,Chelab Rural Vaccination Center,24,0,24,339,0.0708
2022-01-11,MLD-01,Malard Central Health Center,58,0,58,682,0.085
2022-01-11,MLD-02,Sabashahr Health Center,31,0,31,651,0.0476
2022-01-11,MLD-03,Vahedieh Health Center,31,0,31,498,0.0622
2022-01-11,MLD-04,Sadeghieh-e Malard Vaccination Center,27,0,27,576,0.0469
2022-01-11,MLD-05,Chelab Rural Vaccination Center,15,0,15,355,0.0423
2022-01-12,MLD-01,Malard Central Health Center,35,0,35,756,0.0463
2022-01-12,MLD-02,Sabashahr Health Center,23,0,23,672,0.0342
2022-01-12,MLD-03,Vahedieh Health Center,29,0,29,484,0.0599
2022-01-12,MLD-04,Sadeghieh-e Malard Vaccination Center,16,0,16,541,0.0296
2022-01-12,MLD-05,Chelab Rural Vaccination Center,14,0,14,298,0.047
2022-01-13,MLD-01,Malard Central Health Center,19,0,19,633,0.03
2022-01-13,MLD-02,Sabashahr Health Center,34,0,34,574,0.0592
2022-01-13,MLD-03,Vahedieh Health Center,22,0,22,401,0.0549
2022-01-13,MLD-04,Sadeghieh-e Malard Vaccination Center,20,0,20,425,0.0471
2022-01-13,MLD-05,Chelab Rural Vaccination Center,26,0,26,356,0.073
2022-01-14,MLD-01,Malard Central Health Center,26,0,26,248,0.1048
2022-01-14,MLD-02,Sabashahr Health Center,16,0,16,220,0.0727
2022-01-14,MLD-03,Vahedieh Health Center,14,0,14,202,0.0693
2022-01-14,MLD-04,Sadeghieh-e Malard Vaccination Center,16,0,16,204,0.0784
2022-01-14,MLD-05,Chelab Rural Vaccination Center,5,0,5,129,0.0388
2022-01-15,MLD-01,Malard Central Health Center,22,0,22,719,0.0306
2022-01-15,MLD-02,Sabashahr Health Center,53,0,53,776,0.0683
2022-01-15,MLD-03,Vahedieh Health Center,15,0,15,513,0.0292
2022-01-15,MLD-04,Sadeghieh-e Malard Vaccination Center,13,0,13,440,0.0295
2022-01-15,MLD-05,Chelab Rural Vaccination Center,9,0,9,314,0.0287
2022-01-16,MLD-01,Malard Central Health Center,44,0,44,717,0.0614
2022-01-16,MLD-02,Sabashahr Health Center,26,0,26,611,0.0426
2022-01-16,MLD-03,Vahedieh Health Center,49,0,49,634,0.0773
2022-01-16,MLD-04,Sadeghieh-e Malard Vaccination Center,44,0,44,508,0.0866
2022-01-16,MLD-05,Chelab Rural Vaccination Center,21,0,21,390,0.0538
2022-01-17,MLD-01,Malard Central Health Center,46,0,46,753,0.0611
2022-01-17,MLD-02,Sabashahr Health Center,20,0,20,532,0.0376
2022-01-17,MLD-03,Vahedieh Health Center,29,0,29,610,0.0475
2022-01-17,MLD-04,Sadeghieh-e Malard Vaccination Center,37,0,37,551,0.0672
2022-01-17,MLD-05,Chelab Rural Vaccination Center,33,0,33,458,0.0721
2022-01-18,MLD-01,Malard Central Health Center,27,0,27,748,0.0361
2022-01-18,MLD-02,Sabashahr Health Center,18,0,18,599,0.0301
2022-01-18,MLD-03,Vahedieh Health Center,28,0,28,587,0.0477
2022-01-18,MLD-04,Sadeghieh-e Malard Vaccination Center,35,0,35,563,0.0622
2022-01-18,MLD-05,Chelab Rural Vaccination Center,19,0,19,407,0.0467
2022-01-19,MLD-01,Malard Central Health Center,24,0,24,787,0.0305
2022-01-19,MLD-02,Sabashahr Health Center,31,0,31,634,0.0489
2022-01-19,MLD-03,Vahedieh Health Center,41,0,41,569,0.0721
2022-01-19,MLD-04,Sadeghieh-e Malard Vaccination Center,39,0,39,582,0.067
2022-01-19,MLD-05,Chelab Rural Vaccination Center,18,0,18,382,0.0471
2022-01-20,MLD-01,Malard Central Health Center,43,0,43,689,0.0624
2022-01-20,MLD-02,Sabashahr Health Center,28,0,28,601,0.0466
2022-01-20,MLD-03,Vahedieh Health Center,41,0,41,484,0.0847
2022-01-20,MLD-04,Sadeghieh-e Malard Vaccination Center,38,0,38,480,0.0792
2022-01-20,MLD-05,Chelab Rural Vaccination Center,25,0,25,342,0.0731
2022-01-21,MLD-01,Malard Central Health Center,23,0,23,292,0.0788
2022-01-21,MLD-02,Sabashahr Health Center,22,0,22,272,0.0809
2022-01-21,MLD-03,Vahedieh Health Center,5,0,5,179,0.0279
2022-01-21,MLD-04,Sadeghieh-e Malard Vaccination Center,22,0,22,199,0.1106
2022-01-21,MLD-05,Chelab Rural Vaccination Center,8,0,8,155,0.0516
2022-01-22,MLD-01,Malard Central Health Center,52,0,52,745,0.0698
2022-01-22,MLD-02,Sabashahr Health Center,32,0,32,663,0.0483
2022-01-22,MLD-03,Vahedieh Health Center,28,0,28,634,0.0442
2022-01-22,MLD-04,Sadeghieh-e Malard Vaccination Center,17,0,17,571,0.0298
2022-01-22,MLD-05,Chelab Rural Vaccination Center,14,0,14,465,0.0301
2022-01-23,MLD-01,Malard Central Health Center,27,0,27,725,0.0372
2022-01-23,MLD-02,Sabashahr Health Center,22,0,22,745,0.0295
2022-01-23,MLD-03,Vahedieh Health Center,23,0,23,603,0.0381
2022-01-23,MLD-04,Sadeghieh-e Malard Vaccination Center,29,0,29,563,0.0515
2022-01-23,MLD-05,Chelab Rural Vaccination Center,20,0,20,453,0.0442
2022-01-24,MLD-01,Malard Central Health Center,27,5,32,813,0.0394
2022-01-24,MLD-02,Sabashahr Health Center,54,0,54,653,0.0827
2022-01-24,MLD-03,Vahedieh Health Center,30,0,30,562,0.0534
2022-01-24,MLD-04,Sadeghieh-e Malard Vaccination Center,26,0,26,635,0.0409
2022-01-24,MLD-05,Chelab Rural Vaccination Center,28,0,28,505,0.0554
2022-01-25,MLD-01,Malard Central Health Center,48,0,48,805,0.0596
2022-01-25,MLD-02,Sabashahr Health Center,28,0,28,700,0.04
2022-01-25,MLD-03,Vahedieh Health Center,19,0,19,624,0.0304
2022-01-25,MLD-04,Sadeghieh-e Malard Vaccination Center,17,0,17,549,0.031
2022-01-25,MLD-05,Chelab Rural Vaccination Center,25,0,25,483,0.0518
2022-01-26,MLD-01,Malard Central Health Center,43,0,43,837,0.0514
2022-01-26,MLD-02,Sabashahr Health Center,20,0,20,678,0.0295
2022-01-26,MLD-03,Vahedieh Health Center,30,0,30,671,0.0447
2022-01-26,MLD-04,Sadeghieh-e Malard Vaccination Center,35,0,35,571,0.0613
2022-01-26,MLD-05,Chelab Rural Vaccination Center,42,0,42,440,0.0955
2022-01-27,MLD-01,Malard Central Health Center,37,0,37,680,0.0544
2022-01-27,MLD-02,Sabashahr Health Center,31,0,31,623,0.0498
2022-01-27,MLD-03,Vahedieh Health Center,34,0,34,499,0.0681
2022-01-27,MLD-04,Sadeghieh-e Malard Vaccination Center,24,0,24,554,0.0433
2022-01-27,MLD-05,Chelab Rural Vaccination Center,22,0,22,369,0.0596
2022-01-28,MLD-01,Malard Central Health Center,22,0,22,301,0.0731
2022-01-28,MLD-02,Sabashahr Health Center,17,0,17,278,0.0612
2022-01-28,MLD-03,Vahedieh Health Center,14,0,14,216,0.0648
2022-01-28,MLD-04,Sadeghieh-e Malard Vaccination Center,15,0,15,207,0.0725
2022-01-28,MLD-05,Chelab Rural Vaccination Center,10,0,10,155,0.0645
2022-01-29,MLD-01,Malard Central Health Center,37,0,37,906,0.0408
2022-01-29,MLD-02,Sabashahr Health Center,21,0,21,708,0.0297
2022-01-29,MLD-03,Vahedieh Health Center,35,0,35,626,0.0559
2022-01-29,MLD-04,Sadeghieh-e Malard Vaccination Center,18,0,18,603,0.0299
2022-01-29,MLD-05,Chelab Rural Vaccination Center,13,0,13,430,0.0302
2022-01-30,MLD-01,Malard Central Health Center,50,0,50,890,0.0562
2022-01-30,MLD-02,Sabashahr Health Center,28,0,28,743,0.0377
2022-01-30,MLD-03,Vahedieh Health Center,24,0,24,631,0.038
2022-01-30,MLD-04,Sadeghieh-e Malard Vaccination Center,19,0,19,629,0.0302
2022-01-30,MLD-05,Chelab Rural Vaccination Center,28,0,28,423,0.0662
2022-01-31,MLD-01,Malard Central Health Center,30,0,30,843,0.0356
2022-01-31,MLD-02,Sabashahr Health Center,49,0,49,689,0.0711
2022-01-31,MLD-03,Vahedieh Health Center,30,0,30,671,0.0447
2022-01-31,MLD-04,Sadeghieh-e Malard Vaccination Center,52,0,52,661,0.0787
2022-01-31,MLD-05,Chelab Rural Vaccination Center,15,0,15,499,0.0301
2022-02-01,MLD-01,Malard Central Health Center,18,0,18,294,0.0612
2022-02-01,MLD-02,Sabashahr Health Center,16,0,16,221,0.0724
2022-02-01,MLD-03,Vahedieh Health Center,17,0,17,189,0.0899
2022-02-01,MLD-04,Sadeghieh-e Malard Vaccination Center,13,0,13,208,0.0625
2022-02-01,MLD-05,Chelab Rural Vaccination Center,7,0,7,128,0.0547
2022-02-02,MLD-01,Malard Central Health Center,26,0,26,882,0.0295
2022-02-02,MLD-02,Sabashahr Health Center,46,0,46,672,0.0685
2022-02-02,MLD-03,Vahedieh Health Center,21,0,21,684,0.0307
2022-02-02,MLD-04,Sadeghieh-e Malard Vaccination Center,23,0,23,578,0.0398
2022-02-02,MLD-05,Chelab Rural Vaccination Center,13,0,13,432,0.0301
2022-02-03,MLD-01,Malard Central Health Center,42,0,42,693,0.0606
2022-02-03,MLD-02,Sabashahr Health Center,33,0,33,650,0.0508
2022-02-03,MLD-03,Vahedieh Health Center,62,0,62,624,0.0994
2022-02-03,MLD-04,Sadeghieh-e Malard Vaccination Center,52,0,52,588,0.0884
2022-02-03,MLD-05,Chelab Rural Vaccination Center,15,0,15,338,0.0444
2022-02-04,MLD-01,Malard Central Health Center,21,0,21,288,0.0729
2022-02-04,MLD-02,Sabashahr Health Center,17,0,17,265,0.0642
2022-02-04,MLD-03,Vahedieh Health Center,19,0,19,237,0.0802
2022-02-04,MLD-04,Sadeghieh-e Malard Vaccination Center,21,0,21,215,0.0977
2022-02-04,MLD-05,Chelab Rural Vaccination Center,15,0,15,182,0.0824
2022-02-05,MLD-01,Malard Central Health Center,49,0,49,860,0.057
2022-02-05,MLD-02,Sabashahr Health Center,20,0,20,675,0.0296
2022-02-05,MLD-03,Vahedieh Health Center,21,0,21,697,0.0301
2022-02-05,MLD-04,Sadeghieh-e Malard Vaccination Center,17,0,17,577,0.0295
2022-02-05,MLD-05,Chelab Rural Vaccination Center,13,0,13,435,0.0299
2022-02-06,MLD-01,Malard Central Health Center,64,0,64,924,0.0693
2022-02-06,MLD-02,Sabashahr Health Center,34,0,34,766,0.0444
2022-02-06,MLD-03,Vahedieh Health Center,35,0,35,617,0.0567
2022-02-06,MLD-04,Sadeghieh-e Malard Vaccination Center,22,0,22,600,0.0367
2022-02-06,MLD-05,Chelab Rural Vaccination Center,18,0,18,420,0.0429
2022-02-07,MLD-01,Malard Central Health Center,77,0,77,885,0.087
2022-02-07,MLD-02,Sabashahr Health Center,31,0,31,800,0.0388
2022-02-07,MLD-03,Vahedieh Health Center,39,0,39,689,0.0566
2022-02-07,MLD-04,Sadeghieh-e Malard Vaccination Center,19,0,19,591,0.0321
2022-02-07,MLD-05,Chelab Rural Vaccination Center,19,0,19,402,0.0473
2022-02-08,MLD-01,Malard Central Health Center,38,0,38,963,0.0395
2022-02-08,MLD-02,Sabashahr Health Center,42,0,42,703,0.0597
2022-02-08,MLD-03,Vahedieh Health Center,18,0,18,595,0.0303
2022-02-08,MLD-04,Sadeghieh-e Malard Vaccination Center,18,0,18,596,0.0302
2022-02-08,MLD-05,Chelab Rural Vaccination Center,21,0,21,464,0.0453
2022-02-09,MLD-01,Malard Central Health Center,34,0,34,797,0.0427
2022-02-09,MLD-02,Sabashahr Health Center,40,0,40,790,0.0506
2022-02-09,MLD-03,Vahedieh Health Center,21,0,21,673,0.0312
2022-02-09,MLD-04,Sadeghieh-e Malard Vaccination Center,26,0,26,635,0.0409
2022-02-09,MLD-05,Chelab Rural Vaccination Center,17,0,17,435,0.0391
2022-02-10,MLD-01,Malard Central Health Center,26,0,26,875,0.0297
2022-02-10,MLD-02,Sabashahr Health Center,45,0,45,623,0.0722
2022-02-10,MLD-03,Vahedieh Health Center,41,0,41,491,0.0835
2022-02-10,MLD-04,Sadeghieh-e Malard Vaccination Center,36,0,36,530,0.0679
2022-02-10,MLD-05,Chelab Rural Vaccination Center,24,0,24,386,0.0622
2022-02-11,MLD-01,Malard Central Health Center,24,0,24,300,0.08
2022-02-11,MLD-02,Sabashahr Health Center,19,0,19,284,0.0669
2022-02-11,MLD-03,Vahedieh Health Center,17,0,17,220,0.0773
2022-02-11,MLD-04,Sadeghieh-e Malard Vaccination Center,15,0,15,242,0.062
2022-02-11,MLD-05,Chelab Rural Vaccination Center,16,0,16,166,0.0964
2022-02-12,MLD-01,Malard Central Health Center,35,0,35,801,0.0437
2022-02-12,MLD-02,Sabashahr Health Center,35,0,35,755,0.0464
2022-02-12,MLD-03,Vahedieh Health Center,21,0,21,697,0.0301
2022-02-12,MLD-04,Sadeghieh-e Malard Vaccination Center,19,0,19,645,0.0295
2022-02-12,MLD-05,Chelab Rural Vaccination Center,15,0,15,495,0.0303
2022-02-13,MLD-01,Malard Central Health Center,48,0,48,783,0.0613
2022-02-13,MLD-02,Sabashahr Health Center,46,0,46,849,0.0542
2022-02-13,MLD-03,Vahedieh Health Center,19,0,19,632,0.0301
2022-02-13,MLD-04,Sadeghieh-e Malard Vaccination Center,41,0,41,697,0.0588
2022-02-13,MLD-05,Chelab Rural Vaccination Center,19,0,19,457,0.0416
2022-02-14,MLD-01,Malard Central Health Center,29,0,29,841,0.0345
2022-02-14,MLD-02,Sabashahr Health Center,28,0,28,932,0.03
2022-02-14,MLD-03,Vahedieh Health Center,22,0,22,612,0.0359
2022-02-14,MLD-04,Sadeghieh-e Malard Vaccination Center,29,0,29,569,0.051
2022-02-14,MLD-05,Chelab Rural Vaccination Center,22,0,22,422,0.0521
2022-02-15,MLD-01,Malard Central Health Center,52,0,52,948,0.0549
2022-02-15,MLD-02,Sabashahr Health Center,37,0,37,780,0.0474
2022-02-15,MLD-03,Vahedieh Health Center,38,0,38,714,0.0532
2022-02-15,MLD-04,Sadeghieh-e Malard Vaccination Center,64,0,64,607,0.1054
2022-02-15,MLD-05,Chelab Rural Vaccination Center,12,0,12,394,0.0305
2022-02-16,MLD-01,Malard Central Health Center,45,0,45,859,0.0524
2022-02-16,MLD-02,Sabashahr Health Center,23,0,23,761,0.0302
2022-02-16,MLD-03,Vahedieh Health Center,26,0,26,667,0.039
2022-02-16,MLD-04,Sadeghieh-e Malard Vaccination Center,24,0,24,639,0.0376
2022-02-16,MLD-05,Chelab Rural Vaccination Center,20,0,20,468,0.0427
2022-02-17,MLD-01,Malard Central Health Center,27,0,27,753,0.0359
2022-02-17,MLD-02,Sabashahr Health Center,19,0,19,637,0.0298
2022-02-17,MLD-03,Vahedieh Health Center,36,0,36,662,0.0544
2022-02-17,MLD-04,Sadeghieh-e Malard Vaccination Center,36,0,36,556,0.0647
2022-02-17,MLD-05,Chelab Rural Vaccination Center,23,0,23,352,0.0653
2022-02-18,MLD-01,Malard Central Health Center,29,0,29,331,0.0876
2022-02-18,MLD-02,Sabashahr Health Center,24,0,24,265,0.0906
2022-02-18,MLD-03,Vahedieh Health Center,18,0,18,240,0.075
2022-02-18,MLD-04,Sadeghieh-e Malard Vaccination Center,14,0,14,240,0.0583
2022-02-18,MLD-05,Chelab Rural Vaccination Center,13,0,13,174,0.0747
2022-02-19,MLD-01,Malard Central Health Center,28,0,28,936,0.0299
2022-02-19,MLD-02,Sabashahr Health Center,22,0,22,743,0.0296
2022-02-19,MLD-03,Vahedieh Health Center,32,0,32,648,0.0494
2022-02-19,MLD-04,Sadeghieh-e Malard Vaccination Center,18,0,18,593,0.0304
2022-02-19,MLD-05,Chelab Rural Vaccination Center,19,0,19,510,0.0373
2022-02-20,MLD-01,Malard Central Health Center,69,0,69,936,0.0737
2022-02-20,MLD-02,Sabashahr Health Center,27,0,27,853,0.0317
2022-02-20,MLD-03,Vahedieh Health Center,48,36,84,716,0.1173
2022-02-20,MLD-04,Sadeghieh-e Malard Vaccination Center,44,0,44,644,0.0683
2022-02-20,MLD-05,Chelab Rural Vaccination Center,13,0,13,426,0.0305
2022-02-21,MLD-01,Malard Central Health Center,42,0,42,839,0.0501
2022-02-21,MLD-02,Sabashahr Health Center,26,0,26,857,0.0303
2022-02-21,MLD-03,Vahedieh Health Center,35,0,35,671,0.0522
2022-02-21,MLD-04,Sadeghieh-e Malard Vaccination Center,22,0,22,724,0.0304
2022-02-21,MLD-05,Chelab Rural Vaccination Center,15,0,15,430,0.0349
2022-02-22,MLD-01,Malard Central Health Center,54,0,54,1028,0.0525
2022-02-22,MLD-02,Sabashahr Health Center,40,0,40,798,0.0501
2022-02-22,MLD-03,Vahedieh Health Center,19,0,19,645,0.0295
2022-02-22,MLD-04,Sadeghieh-e Malard Vaccination Center,29,0,29,561,0.0517
2022-02-22,MLD-05,Chelab Rural Vaccination Center,20,0,20,484,0.0413
2022-02-23,MLD-01,Malard Central Health Center,27,0,27,899,0.03
2022-02-23,MLD-02,Sabashahr Health Center,33,0,33,742,0.0445
2022-02-23,MLD-03,Vahedieh Health Center,49,0,49,685,0.0715
2022-02-23,MLD-04,Sadeghieh-e Malard Vaccination Center,19,0,19,646,0.0294
2022-02-23,MLD-05,Chelab Rural Vaccination Center,15,0,15,502,0.0299
2022-02-24,MLD-01,Malard Central Health Center,48,0,48,747,0.0643
2022-02-24,MLD-02,Sabashahr Health Center,37,0,37,726,0.051
2022-02-24,MLD-03,Vahedieh Health Center,34,0,34,576,0.059
2022-02-24,MLD-04,Sadeghieh-e Malard Vaccination Center,26,0,26,515,0.0505
2022-02-24,MLD-05,Chelab Rural Vaccination Center,13,0,13,425,0.0306
2022-02-25,MLD-01,Malard Central Health Center,16,0,16,338,0.0473
2022-02-25,MLD-02,Sabashahr Health Center,14,0,14,280,0.05
2022-02-25,MLD-03,Vahedieh Health Center,17,0,17,243,0.07
2022-02-25,MLD-04,Sadeghieh-e Malard Vaccination Center,17,0,17,223,0.0762
2022-02-25,MLD-05,Chelab Rural Vaccination Center,8,0,8,154,0.0519
2022-02-26,MLD-01,Malard Central Health Center,36,0,36,854,0.0422
2022-02-26,MLD-02,Sabashahr Health Center,55,0,55,737,0.0746
2022-02-26,MLD-03,Vahedieh Health Center,31,0,31,727,0.0426
2022-02-26,MLD-04,Sadeghieh-e Malard Vaccination Center,21,0,21,688,0.0305
2022-02-26,MLD-05,Chelab Rural Vaccination Center,14,0,14,456,0.0307
2022-02-27,MLD-01,Malard Central Health Center,31,0,31,822,0.0377
2022-02-27,MLD-02,Sabashahr Health Center,22,0,22,731,0.0301
2022-02-27,MLD-03,Vahedieh Health Center,23,0,23,704,0.0327
2022-02-27,MLD-04,Sadeghieh-e Malard Vaccination Center,19,0,19,646,0.0294
2022-02-27,MLD-05,Chelab Rural Vaccination Center,15,0,15,505,0.0297
2022-02-28,MLD-01,Malard Central Health Center,56,0,56,997,0.0562
2022-02-28,MLD-02,Sabashahr Health Center,24,0,24,804,0.0299
2022-02-28,MLD-03,Vahedieh Health Center,21,0,21,608,0.0345
2022-02-28,MLD-04,Sadeghieh-e Malard Vaccination Center,23,0,23,567,0.0406
2022-02-28,MLD-05,Chelab Rural Vaccination Center,20,0,20,452,0.0442
2022-03-01,MLD-01,Malard Central Health Center,27,0,27,897,0.0301
2022-03-01,MLD-02,Sabashahr Health Center,27,0,27,732,0.0369
2022-03-01,MLD-03,Vahedieh Health Center,38,0,38,660,0.0576
2022-03-01,MLD-04,Sadeghieh-e Malard Vaccination Center,20,0,20,663,0.0302
2022-03-01,MLD-05,Chelab Rural Vaccination Center,15,0,15,492,0.0305
2022-03-02,MLD-01,Malard Central Health Center,46,0,46,852,0.054
2022-03-02,MLD-02,Sabashahr Health Center,44,0,44,752,0.0585
2022-03-02,MLD-03,Vahedieh Health Center,25,0,25,680,0.0368
2022-03-02,MLD-04,Sadeghieh-e Malard Vaccination Center,31,0,31,674,0.046
2022-03-02,MLD-05,Chelab Rural Vaccination Center,32,0,32,484,0.0661
2022-03-03,MLD-01,Malard Central Health Center,28,0,28,732,0.0383
2022-03-03,MLD-02,Sabashahr Health Center,18,0,18,592,0.0304
2022-03-03,MLD-03,Vahedieh Health Center,38,0,38,552,0.0688
2022-03-03,MLD-04,Sadeghieh-e Malard Vaccination Center,17,0,17,576,0.0295
2022-03-03,MLD-05,Chelab Rural Vaccination Center,34,0,34,397,0.0856
2022-03-04,MLD-01,Malard Central Health Center,25,0,25,329,0.076
2022-03-04,MLD-02,Sabashahr Health Center,17,16,33,269,0.1227
2022-03-04,MLD-03,Vahedieh Health Center,13,0,13,216,0.0602
2022-03-04,MLD-04,Sadeghieh-e Malard Vaccination Center,8,0,8,205,0.039
2022-03-04,MLD-05,Chelab Rural Vaccination Center,7,13,20,176,0.1136
2022-03-05,MLD-01,Malard Central Health Center,27,0,27,896,0.0301
2022-03-05,MLD-02,Sabashahr Health Center,33,0,33,675,0.0489
2022-03-05,MLD-03,Vahedieh Health Center,32,0,32,626,0.0511
2022-03-05,MLD-04,Sadeghieh-e Malard Vaccination Center,18,0,18,599,0.0301
2022-03-05,MLD-05,Chelab Rural Vaccination Center,28,0,28,449,0.0624
2022-03-06,MLD-01,Malard Central Health Center,80,0,80,874,0.0915
2022-03-06,MLD-02,Sabashahr Health Center,40,0,40,730,0.0548
2022-03-06,MLD-03,Vahedieh Health Center,21,0,21,692,0.0303
2022-03-06,MLD-04,Sadeghieh-e Malard Vaccination Center,18,0,18,513,0.0351
2022-03-06,MLD-05,Chelab Rural Vaccination Center,20,0,20,420,0.0476
2022-03-07,MLD-01,Malard Central Health Center,47,0,47,804,0.0585
2022-03-07,MLD-02,Sabashahr Health Center,31,0,31,813,0.0381
2022-03-07,MLD-03,Vahedieh Health Center,44,0,44,616,0.0714
2022-03-07,MLD-04,Sadeghieh-e Malard Vaccination Center,18,0,18,561,0.0321
2022-03-07,MLD-05,Chelab Rural Vaccination Center,12,0,12,399,0.0301
2022-03-08,MLD-01,Malard Central Health Center,24,0,24,793,0.0303
2022-03-08,MLD-02,Sabashahr Health Center,49,0,49,674,0.0727
2022-03-08,MLD-03,Vahedieh Health Center,45,0,45,661,0.0681
2022-03-08,MLD-04,Sadeghieh-e Malard Vaccination Center,19,0,19,635,0.0299
2022-03-08,MLD-05,Chelab Rural Vaccination Center,22,18,40,402,0.0995
2022-03-09,MLD-01,Malard Central Health Center,97,0,97,857,0.1132
2022-03-09,MLD-02,Sabashahr Health Center,39,0,39,719,0.0542
2022-03-09,MLD-03,Vahedieh Health Center,36,0,36,627,0.0574
2022-03-09,MLD-04,Sadeghieh-e Malard Vaccination Center,16,0,16,537,0.0298
2022-03-09,MLD-05,Chelab Rural Vaccination Center,13,0,13,423,0.0307
2022-03-10,MLD-01,Malard Central Health Center,40,0,40,757,0.0528
2022-03-10,MLD-02,Sabashahr Health Center,50,0,50,602,0.0831
2022-03-10,MLD-03,Vahedieh Health Center,43,0,43,485,0.0887
2022-03-10,MLD-04,Sadeghieh-e Malard Vaccination Center,44,0,44,518,0.0849
2022-03-10,MLD-05,Chelab Rural Vaccination Center,24,0,24,328,0.0732
2022-03-11,MLD-01,Malard Central Health Center,21,0,21,282,0.0745
2022-03-11,MLD-02,Sabashahr Health Center,29,0,29,242,0.1198
2022-03-11,MLD-03,Vahedieh Health Center,16,5,21,207,0.1014
2022-03-11,MLD-04,Sadeghieh-e Malard Vaccination Center,13,38,51,265,0.1925
2022-03-11,MLD-05,Chelab Rural Vaccination Center,13,0,13,144,0.0903
2022-03-12,MLD-01,Malard Central Health Center,35,0,35,732,0.0478
2022-03-12,MLD-02,Sabashahr Health Center,23,0,23,675,0.0341
2022-03-12,MLD-03,Vahedieh Health Center,22,0,22,594,0.037
2022-03-12,MLD-04,Sadeghieh-e Malard Vaccination Center,26,0,26,546,0.0476
2022-03-12,MLD-05,Chelab Rural Vaccination Center,19,0,19,375,0.0507
2022-03-13,MLD-01,Malard Central Health Center,39,0,39,801,0.0487
2022-03-13,MLD-02,Sabashahr Health Center,18,0,18,614,0.0293
2022-03-13,MLD-03,Vahedieh Health Center,29,0,29,586,0.0495
2022-03-13,MLD-04,Sadeghieh-e Malard Vaccination Center,28,0,28,557,0.0503
2022-03-13,MLD-05,Chelab Rural Vaccination Center,25,0,25,388,0.0644
2022-03-14,MLD-01,Malard Central Health Center,52,0,52,771,0.0674
2022-03-14,MLD-02,Sabashahr Health Center,35,0,35,665,0.0526
2022-03-14,MLD-03,Vahedieh Health Center,31,0,31,648,0.0478
2022-03-14,MLD-04,Sadeghieh-e Malard Vaccination Center,16,0,16,545,0.0294
2022-03-14,MLD-05,Chelab Rural Vaccination Center,24,0,24,316,0.0759
2022-03-15,MLD-01,Malard Central Health Center,48,0,48,759,0.0632
2022-03-15,MLD-02,Sabashahr Health Center,18,0,18,601,0.03
2022-03-15,MLD-03,Vahedieh Health Center,16,0,16,548,0.0292
2022-03-15,MLD-04,Sadeghieh-e Malard Vaccination Center,16,0,16,535,0.0299
2022-03-15,MLD-05,Chelab Rural Vaccination Center,30,0,30,408,0.0735
2022-03-16,MLD-01,Malard Central Health Center,28,0,28,706,0.0397
2022-03-16,MLD-02,Sabashahr Health Center,34,0,34,651,0.0522
2022-03-16,MLD-03,Vahedieh Health Center,18,0,18,594,0.0303
2022-03-16,MLD-04,Sadeghieh-e Malard Vaccination Center,14,0,14,471,0.0297
2022-03-16,MLD-05,Chelab Rural Vaccination Center,10,0,10,346,0.0289
2022-03-17,MLD-01,Malard Central Health Center,40,0,40,625,0.064
2022-03-17,MLD-02,Sabashahr Health Center,34,0,34,566,0.0601
2022-03-17,MLD-03,Vahedieh Health Center,24,0,24,503,0.0477
2022-03-17,MLD-04,Sadeghieh-e Malard Vaccination Center,41,0,41,439,0.0934
2022-03-17,MLD-05,Chelab Rural Vaccination Center,25,0,25,321,0.0779
2022-03-18,MLD-01,Malard Central Health Center,11,0,11,250,0.044
2022-03-18,MLD-02,Sabashahr Health Center,15,0,15,226,0.0664
2022-03-18,MLD-03,Vahedieh Health Center,21,0,21,191,0.1099
2022-03-18,MLD-04,Sadeghieh-e Malard Vaccination Center,20,0,20,185,0.1081
2022-03-18,MLD-05,Chelab Rural Vaccination Center,9,0,9,147,0.0612
2022-03-19,MLD-01,Malard Central Health Center,51,0,51,764,0.0668
2022-03-19,MLD-02,Sabashahr Health Center,29,0,29,641,0.0452
2022-03-19,MLD-03,Vahedieh Health Center,26,0,26,473,0.055
2022-03-19,MLD-04,Sadeghieh-e Malard Vaccination Center,33,0,33,569,0.058
2022-03-19,MLD-05,Chelab Rural Vaccination Center,18,0,18,361,0.0499
2022-03-20,MLD-01,Malard Central Health Center,24,0,24,728,0.033
2022-03-20,MLD-02,Sabashahr Health Center,49,0,49,640,0.0766
2022-03-20,MLD-03,Vahedieh Health Center,22,0,22,563,0.0391
2022-03-20,MLD-04,Sadeghieh-e Malard Vaccination Center,26,0,26,477,0.0545
2022-03-20,MLD-05,Chelab Rural Vaccination Center,29,0,29,363,0.0799
2022-03-21,MLD-01,Malard Central Health Center,41,0,41,712,0.0576
2022-03-21,MLD-02,Sabashahr Health Center,20,0,20,644,0.0311
2022-03-21,MLD-03,Vahedieh Health Center,15,0,15,482,0.0311
2022-03-21,MLD-04,Sadeghieh-e Malard Vaccination Center,42,0,42,529,0.0794
2022-03-21,MLD-05,Chelab Rural Vaccination Center,10,0,10,304,0.0329
2022-03-22,MLD-01,Malard Central Health Center,52,0,52,678,0.0767
2022-03-22,MLD-02,Sabashahr Health Center,18,0,18,601,0.03
2022-03-22,MLD-03,Vahedieh Health Center,23,0,23,490,0.0469
2022-03-22,MLD-04,Sadeghieh-e Malard Vaccination Center,37,0,37,474,0.0781
2022-03-22,MLD-05,Chelab Rural Vaccination Center,14,0,14,401,0.0349
2022-03-23,MLD-01,Malard Central Health Center,30,0,30,730,0.0411
2022-03-23,MLD-02,Sabashahr Health Center,20,0,20,602,0.0332
2022-03-23,MLD-03,Vahedieh Health Center,40,0,40,465,0.086
2022-03-23,MLD-04,Sadeghieh-e Malard Vaccination Center,32,0,32,448,0.0714
2022-03-23,MLD-05,Chelab Rural Vaccination Center,20,0,20,389,0.0514
2022-03-24,MLD-01,Malard Central Health Center,45,0,45,508,0.0886
2022-03-24,MLD-02,Sabashahr Health Center,14,0,14,459,0.0305
2022-03-24,MLD-03,Vahedieh Health Center,13,0,13,423,0.0307
2022-03-24,MLD-04,Sadeghieh-e Malard Vaccination Center,20,0,20,450,0.0444
2022-03-24,MLD-05,Chelab Rural Vaccination Center,16,0,16,315,0.0508
2022-03-25,MLD-01,Malard Central Health Center,20,0,20,228,0.0877
2022-03-25,MLD-02,Sabashahr Health Center,10,0,10,192,0.0521
2022-03-25,MLD-03,Vahedieh Health Center,9,0,9,161,0.0559
2022-03-25,MLD-04,Sadeghieh-e Malard Vaccination Center,10,38,48,218,0.2202
2022-03-25,MLD-05,Chelab Rural Vaccination Center,11,0,11,125,0.088
2022-03-26,MLD-01,Malard Central Health Center,20,0,20,657,0.0304
2022-03-26,MLD-02,Sabashahr Health Center,37,0,37,513,0.0721
2022-03-26,MLD-03,Vahedieh Health Center,30,0,30,444,0.0676
2022-03-26,MLD-04,Sadeghieh-e Malard Vaccination Center,17,0,17,456,0.0373
2022-03-26,MLD-05,Chelab Rural Vaccination Center,33,0,33,379,0.0871
2022-03-27,MLD-01,Malard Central Health Center,20,0,20,666,0.03
2022-03-27,MLD-02,Sabashahr Health Center,49,0,49,558,0.0878
2022-03-27,MLD-03,Vahedieh Health Center,19,0,19,438,0.0434
2022-03-27,MLD-04,Sadeghieh-e Malard Vaccination Center,13,0,13,446,0.0291
2022-03-27,MLD-05,Chelab Rural Vaccination Center,18,0,18,304,0.0592
2022-03-28,MLD-01,Malard Central Health Center,50,0,50,627,0.0797
2022-03-28,MLD-02,Sabashahr Health Center,46,0,46,520,0.0885
2022-03-28,MLD-03,Vahedieh Health Center,34,0,34,525,0.0648
2022-03-28,MLD-04,Sadeghieh-e Malard Vaccination Center,26,0,26,434,0.0599
2022-03-28,MLD-05,Chelab Rural Vaccination Center,11,0,11,329,0.0334
2022-03-29,MLD-01,Malard Central Health Center,39,0,39,735,0.0531
2022-03-29,MLD-02,Sabashahr Health Center,37,0,37,535,0.0692
2022-03-29,MLD-03,Vahedieh Health Center,14,0,14,432,0.0324
2022-03-29,MLD-04,Sadeghieh-e Malard Vaccination Center,27,0,27,406,0.0665
2022-03-29,MLD-05,Chelab Rural Vaccination Center,23,0,23,277,0.083
2022-03-30,MLD-01,Malard Central Health Center,28,0,28,649,0.0431
2022-03-30,MLD-02,Sabashahr Health Center,16,0,16,549,0.0291
2022-03-30,MLD-03,Vahedieh Health Center,15,0,15,398,0.0377
2022-03-30,MLD-04,Sadeghieh-e Malard Vaccination Center,22,0,22,406,0.0542
2022-03-30,MLD-05,Chelab Rural Vaccination Center,16,0,16,306,0.0523
2022-03-31,MLD-01,Malard Central Health Center,27,0,27,533,0.0507
2022-03-31,MLD-02,Sabashahr Health Center,29,0,29,460,0.063
2022-03-31,MLD-03,Vahedieh Health Center,11,0,11,349,0.0315
2022-03-31,MLD-04,Sadeghieh-e Malard Vaccination Center,18,0,18,345,0.0522
2022-03-31,MLD-05,Chelab Rural Vaccination Center,18,0,18,270,0.0667
2022-04-01,MLD-01,Malard Central Health Center,13,0,13,208,0.0625
2022-04-01,MLD-02,Sabashahr Health Center,13,0,13,189,0.0688
2022-04-01,MLD-03,Vahedieh Health Center,18,0,18,175,0.1029
2022-04-01,MLD-04,Sadeghieh-e Malard Vaccination Center,7,0,7,128,0.0547
2022-04-01,MLD-05,Chelab Rural Vaccination Center,8,0,8,99,0.0808
2022-04-02,MLD-01,Malard Central Health Center,40,0,40,578,0.0692
2022-04-02,MLD-02,Sabashahr Health Center,24,0,24,500,0.048
2022-04-02,MLD-03,Vahedieh Health Center,16,0,16,380,0.0421
2022-04-02,MLD-04,Sadeghieh-e Malard Vaccination Center,32,0,32,462,0.0693
2022-04-02,MLD-05,Chelab Rural Vaccination Center,10,0,10,284,0.0352
2022-04-03,MLD-01,Malard Central Health Center,35,0,35,579,0.0604
2022-04-03,MLD-02,Sabashahr Health Center,22,0,22,505,0.0436
2022-04-03,MLD-03,Vahedieh Health Center,28,0,28,423,0.0662
2022-04-03,MLD-04,Sadeghieh-e Malard Vaccination Center,41,0,41,424,0.0967
2022-04-03,MLD-05,Chelab Rural Vaccination Center,14,0,14,283,0.0495
2022-04-04,MLD-01,Malard Central Health Center,40,0,40,610,0.0656
2022-04-04,MLD-02,Sabashahr Health Center,14,0,14,463,0.0302
2022-04-04,MLD-03,Vahedieh Health Center,22,0,22,395,0.0557
2022-04-04,MLD-04,Sadeghieh-e Malard Vaccination Center,27,0,27,399,0.0677
2022-04-04,MLD-05,Chelab Rural Vaccination Center,14,0,14,283,0.0495
2022-04-05,MLD-01,Malard Central Health Center,26,0,26,471,0.0552
2022-04-05,MLD-02,Sabashahr Health Center,32,0,32,527,0.0607
2022-04-05,MLD-03,Vahedieh Health Center,30,0,30,425,0.0706
2022-04-05,MLD-04,Sadeghieh-e Malard Vaccination Center,34,0,34,399,0.0852
2022-04-05,MLD-05,Chelab Rural Vaccination Center,15,0,15,294,0.051
2022-04-06,MLD-01,Malard Central Health Center,19,0,19,554,0.0343
2022-04-06,MLD-02,Sabashahr Health Center,30,0,30,450,0.0667
2022-04-06,MLD-03,Vahedieh Health Center,29,0,29,401,0.0723
2022-04-06,MLD-04,Sadeghieh-e Malard Vaccination Center,13,0,13,348,0.0374
2022-04-06,MLD-05,Chelab Rural Vaccination Center,12,0,12,279,0.043
2022-04-07,MLD-01,Malard Central Health Center,32,0,32,439,0.0729
2022-04-07,MLD-02,Sabashahr Health Center,40,6,46,463,0.0994
2022-04-07,MLD-03,Vahedieh Health Center,19,0,19,325,0.0585
2022-04-07,MLD-04,Sadeghieh-e Malard Vaccination Center,20,0,20,299,0.0669
2022-04-07,MLD-05,Chelab Rural Vaccination Center,19,0,19,239,0.0795
2022-04-08,MLD-01,Malard Central Health Center,14,0,14,169,0.0828
2022-04-08,MLD-02,Sabashahr Health Center,10,0,10,160,0.0625
2022-04-08,MLD-03,Vahedieh Health Center,4,0,4,125,0.032
2022-04-08,MLD-04,Sadeghieh-e Malard Vaccination Center,9,0,9,135,0.0667
2022-04-08,MLD-05,Chelab Rural Vaccination Center,6,26,32,121,0.2645
2022-04-09,MLD-01,Malard Central Health Center,47,0,47,529,0.0888
2022-04-09,MLD-02,Sabashahr Health Center,17,0,17,439,0.0387
2022-04-09,MLD-03,Vahedieh Health Center,29,0,29,407,0.0713
2022-04-09,MLD-04,Sadeghieh-e Malard Vaccination Center,41,0,41,369,0.1111
2022-04-09,MLD-05,Chelab Rural Vaccination Center,11,0,11,240,0.0458
2022-04-10,MLD-01,Malard Central Health Center,35,0,35,444,0.0788
2022-04-10,MLD-02,Sabashahr Health Center,39,0,39,473,0.0825
2022-04-10,MLD-03,Vahedieh Health Center,24,0,24,349,0.0688
2022-04-10,MLD-04,Sadeghieh-e Malard Vaccination Center,18,0,18,370,0.0486
2022-04-10,MLD-05,Chelab Rural Vaccination Center,17,0,17,259,0.0656
2022-04-11,MLD-01,Malard Central Health Center,26,0,26,493,0.0527
2022-04-11,MLD-02,Sabashahr Health Center,17,0,17,415,0.041
2022-04-11,MLD-03,Vahedieh Health Center,37,0,37,376,0.0984
2022-04-11,MLD-04,Sadeghieh-e Malard Vaccination Center,16,0,16,300,0.0533
2022-04-11,MLD-05,Chelab Rural Vaccination Center,17,0,17,249,0.0683
2022-04-12,MLD-01,Malard Central Health Center,40,0,40,457,0.0875
2022-04-12,MLD-02,Sabashahr Health Center,20,0,20,391,0.0512
2022-04-12,MLD-03,Vahedieh Health Center,22,0,22,373,0.059
2022-04-12,MLD-04,Sadeghieh-e Malard Vaccination Center,25,0,25,336,0.0744
2022-04-12,MLD-05,Chelab Rural Vaccination Center,18,0,18,231,0.0779
2022-04-13,MLD-01,Malard Central Health Center,36,0,36,478,0.0753
2022-04-13,MLD-02,Sabashahr Health Center,29,0,29,433,0.067
2022-04-13,MLD-03,Vahedieh Health Center,24,0,24,348,0.069
2022-04-13,MLD-04,Sadeghieh-e Malard Vaccination Center,16,0,16,267,0.0599
2022-04-13,MLD-05,Chelab Rural Vaccination Center,12,0,12,227,0.0529
2022-04-14,MLD-01,Malard Central Health Center,22,0,22,409,0.0538
2022-04-14,MLD-02,Sabashahr Health Center,17,0,17,299,0.0569
2022-04-14,MLD-03,Vahedieh Health Center,18,0,18,310,0.0581
2022-04-14,MLD-04,Sadeghieh-e Malard Vaccination Center,18,0,18,270,0.0667
2022-04-14,MLD-05,Chelab Rural Vaccination Center,11,0,11,167,0.0659
2022-04-15,MLD-01,Malard Central Health Center,9,0,9,143,0.0629
2022-04-15,MLD-02,Sabashahr Health Center,10,0,10,153,0.0654
2022-04-15,MLD-03,Vahedieh Health Center,11,0,11,129,0.0853
2022-04-15,MLD-04,Sadeghieh-e Malard Vaccination Center,10,0,10,97,0.1031
2022-04-15,MLD-05,Chelab Rural Vaccination Center,8,0,8,76,0.1053
2022-04-16,MLD-01,Malard Central Health Center,26,0,26,411,0.0633
2022-04-16,MLD-02,Sabashahr Health Center,31,0,31,398,0.0779
2022-04-16,MLD-03,Vahedieh Health Center,14,0,14,304,0.0461
2022-04-16,MLD-04,Sadeghieh-e Malard Vaccination Center,17,0,17,297,0.0572
2022-04-16,MLD-05,Chelab Rural Vaccination Center,8,0,8,218,0.0367
2022-04-17,MLD-01,Malard Central Health Center,37,0,37,451,0.082
2022-04-17,MLD-02,Sabashahr Health Center,25,0,25,343,0.0729
2022-04-17,MLD-03,Vahedieh Health Center,29,0,29,296,0.098
2022-04-17,MLD-04,Sadeghieh-e Malard Vaccination Center,14,0,14,296,0.0473
2022-04-17,MLD-05,Chelab Rural Vaccination Center,12,0,12,199,0.0603
2022-04-18,MLD-01,Malard Central Health Center,22,0,22,403,0.0546
2022-04-18,MLD-02,Sabashahr Health Center,29,0,29,405,0.0716
2022-04-18,MLD-03,Vahedieh Health Center,20,0,20,253,0.0791
2022-04-18,MLD-04,Sadeghieh-e Malard Vaccination Center,11,0,11,283,0.0389
2022-04-18,MLD-05,Chelab Rural Vaccination Center,17,0,17,203,0.0837
2022-04-19,MLD-01,Malard Central Health Center,35,0,35,401,0.0873
2022-04-19,MLD-02,Sabashahr Health Center,22,0,22,320,0.0688
2022-04-19,MLD-03,Vahedieh Health Center,20,0,20,321,0.0623
2022-04-19,MLD-04,Sadeghieh-e Malard Vaccination Center,14,0,14,265,0.0528
2022-04-19,MLD-05,Chelab Rural Vaccination Center,7,0,7,223,0.0314
2022-04-20,MLD-01,Malard Central Health Center,27,0,27,364,0.0742
2022-04-20,MLD-02,Sabashahr Health Center,11,0,11,346,0.0318
2022-04-20,MLD-03,Vahedieh Health Center,17,0,17,284,0.0599
2022-04-20,MLD-04,Sadeghieh-e Malard Vaccination Center,22,0,22,287,0.0767
2022-04-20,MLD-05,Chelab Rural Vaccination Center,14,0,14,212,0.066
2022-04-21,MLD-01,Malard Central Health Center,23,0,23,339,0.0678
2022-04-21,MLD-02,Sabashahr Health Center,29,0,29,334,0.0868
2022-04-21,MLD-03,Vahedieh Health Center,13,0,13,227,0.0573
2022-04-21,MLD-04,Sadeghieh-e Malard Vaccination Center,11,0,11,193,0.057
2022-04-21,MLD-05,Chelab Rural Vaccination Center,9,0,9,178,0.0506
2022-04-22,MLD-01,Malard Central Health Center,14,0,14,144,0.0972
2022-04-22,MLD-02,Sabashahr Health Center,7,0,7,117,0.0598
2022-04-22,MLD-03,Vahedieh Health Center,8,0,8,96,0.0833
2022-04-22,MLD-04,Sadeghieh-e Malard Vaccination Center,13,0,13,102,0.1275
2022-04-22,MLD-05,Chelab Rural Vaccination Center,8,0,8,75,0.1067
2022-04-23,MLD-01,Malard Central Health Center,14,0,14,349,0.0401
2022-04-23,MLD-02,Sabashahr Health Center,26,0,26,362,0.0718
2022-04-23,MLD-03,Vahedieh Health Center,8,0,8,279,0.0287
2022-04-23,MLD-04,Sadeghieh-e Malard Vaccination Center,17,0,17,255,0.0667
2022-04-23,MLD-05,Chelab Rural Vaccination Center,9,0,9,195,0.0462
2022-04-24,MLD-01,Malard Central Health Center,21,0,21,358,0.0587
2022-04-24,MLD-02,Sabashahr Health Center,19,0,19,341,0.0557
2022-04-24,MLD-03,Vahedieh Health Center,12,0,12,281,0.0427
2022-04-24,MLD-04,Sadeghieh-e Malard Vaccination Center,9,0,9,245,0.0367
2022-04-24,MLD-05,Chelab Rural Vaccination Center,8,0,8,196,0.0408
2022-04-25,MLD-01,Malard Central Health Center,23,0,23,355,0.0648
2022-04-25,MLD-02,Sabashahr Health Center,26,0,26,321,0.081
2022-04-25,MLD-03,Vahedieh Health Center,30,0,30,291,0.1031
2022-04-25,MLD-04,Sadeghieh-e Malard Vaccination Center,12,0,12,262,0.0458
2022-04-25,MLD-05,Chelab Rural Vaccination Center,18,0,18,214,0.0841
2022-04-26,MLD-01,Malard Central Health Center,17,0,17,362,0.047
2022-04-26,MLD-02,Sabashahr Health Center,21,0,21,296,0.0709
2022-04-26,MLD-03,Vahedieh Health Center,19,0,19,258,0.0736
2022-04-26,MLD-04,Sadeghieh-e Malard Vaccination Center,27,0,27,275,0.0982
2022-04-26,MLD-05,Chelab Rural Vaccination Center,12,0,12,201,0.0597
2022-04-27,MLD-01,Malard Central Health Center,37,0,37,369,0.1003
2022-04-27,MLD-02,Sabashahr Health Center,23,0,23,335,0.0687
2022-04-27,MLD-03,Vahedieh Health Center,15,0,15,237,0.0633
2022-04-27,MLD-04,Sadeghieh-e Malard Vaccination Center,9,0,9,258,0.0349
2022-04-27,MLD-05,Chelab Rural Vaccination Center,12,0,12,189,0.0635
2022-04-28,MLD-01,Malard Central Health Center,19,0,19,307,0.0619
2022-04-28,MLD-02,Sabashahr Health Center,22,0,22,264,0.0833
2022-04-28,MLD-03,Vahedieh Health Center,16,0,16,197,0.0812
2022-04-28,MLD-04,Sadeghieh-e Malard Vaccination Center,10,0,10,200,0.05
2022-04-28,MLD-05,Chelab Rural Vaccination Center,11,0,11,167,0.0659
2022-04-29,MLD-01,Malard Central Health Center,14,0,14,120,0.1167
2022-04-29,MLD-02,Sabashahr Health Center,15,0,15,121,0.124
2022-04-29,MLD-03,Vahedieh Health Center,7,0,7,85,0.0824
2022-04-29,MLD-04,Sadeghieh-e Malard Vaccination Center,5,0,5,94,0.0532
2022-04-29,MLD-05,Chelab Rural Vaccination Center,4,0,4,58,0.069
2022-04-30,MLD-01,Malard Central Health Center,16,0,16,327,0.0489
2022-04-30,MLD-02,Sabashahr Health Center,20,0,20,301,0.0664
2022-04-30,MLD-03,Vahedieh Health Center,16,0,16,224,0.0714
2022-04-30,MLD-04,Sadeghieh-e Malard Vaccination Center,22,0,22,246,0.0894
2022-04-30,MLD-05,Chelab Rural Vaccination Center,16,0,16,203,0.0788
2022-05-01,MLD-01,Malard Central Health Center,13,0,13,344,0.0378
2022-05-01,MLD-02,Sabashahr Health Center,12,0,12,271,0.0443
2022-05-01,MLD-03,Vahedieh Health Center,15,0,15,235,0.0638
2022-05-01,MLD-04,Sadeghieh-e Malard Vaccination Center,14,0,14,217,0.0645
2022-05-01,MLD-05,Chelab Rural Vaccination Center,11,0,11,203,0.0542
2022-05-02,MLD-01,Malard Central Health Center,18,0,18,330,0.0545
2022-05-02,MLD-02,Sabashahr Health Center,26,0,26,300,0.0867
2022-05-02,MLD-03,Vahedieh Health Center,27,0,27,291,0.0928
2022-05-02,MLD-04,Sadeghieh-e Malard Vaccination Center,9,0,9,225,0.04
2022-05-02,MLD-05,Chelab Rural Vaccination Center,12,0,12,146,0.0822
2022-05-03,MLD-01,Malard Central Health Center,13,0,13,324,0.0401
2022-05-03,MLD-02,Sabashahr Health Center,15,0,15,301,0.0498
2022-05-03,MLD-03,Vahedieh Health Center,10,0,10,237,0.0422
2022-05-03,MLD-04,Sadeghieh-e Malard Vaccination Center,13,0,13,218,0.0596
2022-05-03,MLD-05,Chelab Rural Vaccination Center,6,0,6,169,0.0355
2022-05-04,MLD-01,Malard Central Health Center,24,0,24,343,0.07
2022-05-04,MLD-02,Sabashahr Health Center,33,0,33,298,0.1107
2022-05-04,MLD-03,Vahedieh Health Center,9,0,9,240,0.0375
2022-05-04,MLD-04,Sadeghieh-e Malard Vaccination Center,26,0,26,227,0.1145
2022-05-04,MLD-05,Chelab Rural Vaccination Center,7,0,7,180,0.0389
2022-05-05,MLD-01,Malard Central Health Center,29,0,29,327,0.0887
2022-05-05,MLD-02,Sabashahr Health Center,14,0,14,249,0.0562
2022-05-05,MLD-03,Vahedieh Health Center,14,0,14,192,0.0729
2022-05-05,MLD-04,Sadeghieh-e Malard Vaccination Center,11,0,11,181,0.0608
2022-05-05,MLD-05,Chelab Rural Vaccination Center,8,0,8,137,0.0584
2022-05-06,MLD-01,Malard Central Health Center,8,0,8,115,0.0696
2022-05-06,MLD-02,Sabashahr Health Center,10,0,10,107,0.0935
2022-05-06,MLD-03,Vahedieh Health Center,7,0,7,90,0.0778
2022-05-06,MLD-04,Sadeghieh-e Malard Vaccination Center,6,0,6,76,0.0789
2022-05-06,MLD-05,Chelab Rural Vaccination Center,4,0,4,55,0.0727
2022-05-07,MLD-01,Malard Central Health Center,16,0,16,325,0.0492
2022-05-07,MLD-02,Sabashahr Health Center,12,0,12,274,0.0438
2022-05-07,MLD-03,Vahedieh Health Center,17,0,17,243,0.07
2022-05-07,MLD-04,Sadeghieh-e Malard Vaccination Center,18,0,18,228,0.0789
2022-05-07,MLD-05,Chelab Rural Vaccination Center,13,0,13,165,0.0788
2022-05-08,MLD-01,Malard Central Health Center,24,0,24,290,0.0828
2022-05-08,MLD-02,Sabashahr Health Center,21,0,21,310,0.0677
2022-05-08,MLD-03,Vahedieh Health Center,17,0,17,248,0.0685
2022-05-08,MLD-04,Sadeghieh-e Malard Vaccination Center,16,0,16,221,0.0724
2022-05-08,MLD-05,Chelab Rural Vaccination Center,10,0,10,157,0.0637
2022-05-09,MLD-01,Malard Central Health Center,25,0,25,305,0.082
2022-05-09,MLD-02,Sabashahr Health Center,11,0,11,277,0.0397
2022-05-09,MLD-03,Vahedieh Health Center,10,0,10,238,0.042
2022-05-09,MLD-04,Sadeghieh-e Malard Vaccination Center,9,0,9,196,0.0459
2022-05-09,MLD-05,Chelab Rural Vaccination Center,12,0,12,175,0.0686
2022-05-10,MLD-01,Malard Central Health Center,22,0,22,306,0.0719
2022-05-10,MLD-02,Sabashahr Health Center,18,0,18,267,0.0674
2022-05-10,MLD-03,Vahedieh Health Center,23,0,23,232,0.0991
2022-05-10,MLD-04,Sadeghieh-e Malard Vaccination Center,12,0,12,210,0.0571
2022-05-10,MLD-05,Chelab Rural Vaccination Center,13,0,13,190,0.0684
2022-05-11,MLD-01,Malard Central Health Center,26,0,26,290,0.0897
2022-05-11,MLD-02,Sabashahr Health Center,13,0,13,275,0.0473
2022-05-11,MLD-03,Vahedieh Health Center,11,0,11,214,0.0514
2022-05-11,MLD-04,Sadeghieh-e Malard Vaccination Center,7,0,7,230,0.0304
2022-05-11,MLD-05,Chelab Rural Vaccination Center,11,0,11,149,0.0738
2022-05-12,MLD-01,Malard Central Health Center,20,0,20,236,0.0847
2022-05-12,MLD-02,Sabashahr Health Center,25,0,25,241,0.1037
2022-05-12,MLD-03,Vahedieh Health Center,6,0,6,197,0.0305
2022-05-12,MLD-04,Sadeghieh-e Malard Vaccination Center,14,0,14,155,0.0903
2022-05-12,MLD-05,Chelab Rural Vaccination Center,9,0,9,135,0.0667
2022-05-13,MLD-01,Malard Central Health Center,11,0,11,112,0.0982
2022-05-13,MLD-02,Sabashahr Health Center,8,0,8,87,0.092
2022-05-13,MLD-03,Vahedieh Health Center,7,0,7,71,0.0986
2022-05-13,MLD-04,Sadeghieh-e Malard Vaccination Center,10,0,10,80,0.125
2022-05-13,MLD-05,Chelab Rural Vaccination Center,6,0,6,50,0.12
2022-05-14,MLD-01,Malard Central Health Center,27,0,27,310,0.0871
2022-05-14,MLD-02,Sabashahr Health Center,9,0,9,243,0.037
2022-05-14,MLD-03,Vahedieh Health Center,16,0,16,203,0.0788
2022-05-14,MLD-04,Sadeghieh-e Malard Vaccination Center,13,0,13,193,0.0674
2022-05-14,MLD-05,Chelab Rural Vaccination Center,7,0,7,144,0.0486
2022-05-15,MLD-01,Malard Central Health Center,21,0,21,280,0.075
2022-05-15,MLD-02,Sabashahr Health Center,22,0,22,236,0.0932
2022-05-15,MLD-03,Vahedieh Health Center,14,0,14,216,0.0648
2022-05-15,MLD-04,Sadeghieh-e Malard Vaccination Center,7,0,7,190,0.0368
2022-05-15,MLD-05,Chelab Rural Vaccination Center,9,0,9,146,0.0616
2022-05-16,MLD-01,Malard Central Health Center,20,0,20,268,0.0746
2022-05-16,MLD-02,Sabashahr Health Center,13,0,13,234,0.0556
2022-05-16,MLD-03,Vahedieh Health Center,14,0,14,223,0.0628
2022-05-16,MLD-04,Sadeghieh-e Malard Vaccination Center,18,0,18,210,0.0857
2022-05-16,MLD-05,Chelab Rural Vaccination Center,5,0,5,127,0.0394
2022-05-17,MLD-01,Malard Central Health Center,20,0,20,274,0.073
2022-05-17,MLD-02,Sabashahr Health Center,11,0,11,216,0.0509
2022-05-17,MLD-03,Vahedieh Health Center,12,0,12,190,0.0632
2022-05-17,MLD-04,Sadeghieh-e Malard Vaccination Center,20,0,20,212,0.0943
2022-05-17,MLD-05,Chelab Rural Vaccination Center,12,0,12,150,0.08
2022-05-18,MLD-01,Malard Central Health Center,24,0,24,287,0.0836
2022-05-18,MLD-02,Sabashahr Health Center,13,0,13,205,0.0634
2022-05-18,MLD-03,Vahedieh Health Center,14,0,14,208,0.0673
2022-05-18,MLD-04,Sadeghieh-e Malard Vaccination Center,13,0,13,192,0.0677
2022-05-18,MLD-05,Chelab Rural Vaccination Center,13,0,13,134,0.097
2022-05-19,MLD-01,Malard Central Health Center,18,0,18,204,0.0882
2022-05-19,MLD-02,Sabashahr Health Center,8,0,8,218,0.0367
2022-05-19,MLD-03,Vahedieh Health Center,14,0,14,170,0.0824
2022-05-19,MLD-04,Sadeghieh-e Malard Vaccination Center,12,0,12,154,0.0779
2022-05-19,MLD-05,Chelab Rural Vaccination Center,10,0,10,111,0.0901
2022-05-20,MLD-01,Malard Central Health Center,2,0,2,22,0.0909
2022-05-20,MLD-02,Sabashahr Health Center,1,0,1,17,0.0588
2022-05-20,MLD-03,Vahedieh Health Center,2,0,2,15,0.1333
2022-05-20,MLD-04,Sadeghieh-e Malard Vaccination Center,1,0,1,15,0.0667
2022-05-20,MLD-05,Chelab Rural Vaccination Center,1,0,1,11,0.0909
2022-05-21,MLD-01,Malard Central Health Center,21,0,21,244,0.0861
2022-05-21,MLD-02,Sabashahr Health Center,15,0,15,217,0.0691
2022-05-21,MLD-03,Vahedieh Health Center,11,0,11,164,0.0671
2022-05-21,MLD-04,Sadeghieh-e Malard Vaccination Center,13,0,13,190,0.0684
2022-05-21,MLD-05,Chelab Rural Vaccination Center,12,0,12,141,0.0851
2022-05-22,MLD-01,Malard Central Health Center,29,0,29,238,0.1218
2022-05-22,MLD-02,Sabashahr Health Center,9,0,9,212,0.0425
2022-05-22,MLD-03,Vahedieh Health Center,5,0,5,173,0.0289
2022-05-22,MLD-04,Sadeghieh-e Malard Vaccination Center,12,0,12,185,0.0649
2022-05-22,MLD-05,Chelab Rural Vaccination Center,6,0,6,131,0.0458
2022-05-23,MLD-01,Malard Central Health Center,18,0,18,237,0.0759
2022-05-23,MLD-02,Sabashahr Health Center,11,0,11,210,0.0524
2022-05-23,MLD-03,Vahedieh Health Center,8,0,8,172,0.0465
2022-05-23,MLD-04,Sadeghieh-e Malard Vaccination Center,19,0,19,180,0.1056
2022-05-23,MLD-05,Chelab Rural Vaccination Center,11,0,11,129,0.0853
2022-05-24,MLD-01,Malard Central Health Center,15,0,15,238,0.063
2022-05-24,MLD-02,Sabashahr Health Center,17,0,17,180,0.0944
2022-05-24,MLD-03,Vahedieh Health Center,8,0,8,178,0.0449
2022-05-24,MLD-04,Sadeghieh-e Malard Vaccination Center,6,0,6,189,0.0317
2022-05-24,MLD-05,Chelab Rural Vaccination Center,10,0,10,136,0.0735
2022-05-25,MLD-01,Malard Central Health Center,18,0,18,236,0.0763
2022-05-25,MLD-02,Sabashahr Health Center,20,36,56,240,0.2333
2022-05-25,MLD-03,Vahedieh Health Center,17,0,17,184,0.0924
2022-05-25,MLD-04,Sadeghieh-e Malard Vaccination Center,13,0,13,172,0.0756
2022-05-25,MLD-05,Chelab Rural Vaccination Center,9,0,9,124,0.0726
2022-05-26,MLD-01,Malard Central Health Center,20,0,20,203,0.0985
2022-05-26,MLD-02,Sabashahr Health Center,22,0,22,186,0.1183
2022-05-26,MLD-03,Vahedieh Health Center,16,0,16,149,0.1074
2022-05-26,MLD-04,Sadeghieh-e Malard Vaccination Center,8,0,8,142,0.0563
2022-05-26,MLD-05,Chelab Rural Vaccination Center,8,0,8,115,0.0696
2022-05-27,MLD-01,Malard Central Health Center,7,0,7,86,0.0814
2022-05-27,MLD-02,Sabashahr Health Center,4,0,4,67,0.0597
2022-05-27,MLD-03,Vahedieh Health Center,11,0,11,73,0.1507
2022-05-27,MLD-04,Sadeghieh-e Malard Vaccination Center,3,0,3,57,0.0526
2022-05-27,MLD-05,Chelab Rural Vaccination Center,6,0,6,43,0.1395
2022-05-28,MLD-01,Malard Central Health Center,13,0,13,244,0.0533
2022-05-28,MLD-02,Sabashahr Health Center,21,0,21,213,0.0986
2022-05-28,MLD-03,Vahedieh Health Center,18,0,18,171,0.1053
2022-05-28,MLD-04,Sadeghieh-e Malard Vaccination Center,11,0,11,137,0.0803
2022-05-28,MLD-05,Chelab Rural Vaccination Center,9,0,9,135,0.0667
2022-05-29,MLD-01,Malard Central Health Center,18,0,18,241,0.0747
2022-05-29,MLD-02,Sabashahr Health Center,20,0,20,220,0.0909
2022-05-29,MLD-03,Vahedieh Health Center,7,0,7,160,0.0438
2022-05-29,MLD-04,Sadeghieh-e Malard Vaccination Center,14,0,14,152,0.0921
2022-05-29,MLD-05,Chelab Rural Vaccination Center,11,0,11,115,0.0957
2022-05-30,MLD-01,Malard Central Health Center,15,0,15,196,0.0765
2022-05-30,MLD-02,Sabashahr Health Center,26,0,26,235,0.1106
2022-05-30,MLD-03,Vahedieh Health Center,13,0,13,175,0.0743
2022-05-30,MLD-04,Sadeghieh-e Malard Vaccination Center,8,0,8,162,0.0494
2022-05-30,MLD-05,Chelab Rural Vaccination Center,9,0,9,111,0.0811
2022-05-31,MLD-01,Malard Central Health Center,24,0,24,220,0.1091
2022-05-31,MLD-02,Sabashahr Health Center,16,0,16,202,0.0792
2022-05-31,MLD-03,Vahedieh Health Center,13,0,13,161,0.0807
2022-05-31,MLD-04,Sadeghieh-e Malard Vaccination Center,14,0,14,173,0.0809
2022-05-31,MLD-05,Chelab Rural Vaccination Center,11,0,11,123,0.0894
2022-06-01,MLD-01,Malard Central Health Center,19,0,19,242,0.0785
2022-06-01,MLD-02,Sabashahr Health Center,22,0,22,202,0.1089
2022-06-01,MLD-03,Vahedieh Health Center,9,0,9,156,0.0577
2022-06-01,MLD-04,Sadeghieh-e Malard Vaccination Center,16,0,16,156,0.1026
2022-06-01,MLD-05,Chelab Rural Vaccination Center,7,0,7,115,0.0609
2022-06-02,MLD-01,Malard Central Health Center,9,0,9,178,0.0506
2022-06-02,MLD-02,Sabashahr Health Center,12,0,12,156,0.0769
2022-06-02,MLD-03,Vahedieh Health Center,13,0,13,157,0.0828
2022-06-02,MLD-04,Sadeghieh-e Malard Vaccination Center,17,0,17,139,0.1223
2022-06-02,MLD-05,Chelab Rural Vaccination Center,5,0,5,80,0.0625
2022-06-03,MLD-01,Malard Central Health Center,8,0,8,78,0.1026
2022-06-03,MLD-02,Sabashahr Health Center,8,0,8,68,0.1176
2022-06-03,MLD-03,Vahedieh Health Center,5,0,5,59,0.0847
2022-06-03,MLD-04,Sadeghieh-e Malard Vaccination Center,5,0,5,52,0.0962
2022-06-03,MLD-05,Chelab Rural Vaccination Center,5,0,5,44,0.1136
2022-06-04,MLD-01,Malard Central Health Center,5,0,5,60,0.0833
2022-06-04,MLD-02,Sabashahr Health Center,6,0,6,61,0.0984
2022-06-04,MLD-03,Vahedieh Health Center,3,0,3,49,0.0612
2022-06-04,MLD-04,Sadeghieh-e Malard Vaccination Center,4,0,4,45,0.0889
2022-06-04,MLD-05,Chelab Rural Vaccination Center,3,0,3,40,0.075
2022-06-05,MLD-01,Malard Central Health Center,14,0,14,212,0.066
2022-06-05,MLD-02,Sabashahr Health Center,13,0,13,192,0.0677
2022-06-05,MLD-03,Vahedieh Health Center,13,0,13,170,0.0765
2022-06-05,MLD-04,Sadeghieh-e Malard Vaccination Center,7,0,7,133,0.0526
2022-06-05,MLD-05,Chelab Rural Vaccination Center,9,0,9,104,0.0865
2022-06-06,MLD-01,Malard Central Health Center,23,0,23,224,0.1027
2022-06-06,MLD-02,Sabashahr Health Center,17,0,17,160,0.1062
2022-06-06,MLD-03,Vahedieh Health Center,5,0,5,153,0.0327
2022-06-06,MLD-04,Sadeghieh-e Malard Vaccination Center,7,0,7,157,0.0446
2022-06-06,MLD-05,Chelab Rural Vaccination Center,9,0,9,110,0.0818
2022-06-07,MLD-01,Malard Central Health Center,22,0,22,208,0.1058
2022-06-07,MLD-02,Sabashahr Health Center,7,0,7,186,0.0376
2022-06-07,MLD-03,Vahedieh Health Center,14,0,14,156,0.0897
2022-06-07,MLD-04,Sadeghieh-e Malard Vaccination Center,7,0,7,130,0.0538
2022-06-07,MLD-05,Chelab Rural Vaccination Center,4,0,4,107,0.0374
2022-06-08,MLD-01,Malard Central Health Center,17,0,17,204,0.0833
2022-06-08,MLD-02,Sabashahr Health Center,13,0,13,188,0.0691
2022-06-08,MLD-03,Vahedieh Health Center,16,0,16,157,0.1019
2022-06-08,MLD-04,Sadeghieh-e Malard Vaccination Center,7,0,7,135,0.0519
2022-06-08,MLD-05,Chelab Rural Vaccination Center,5,0,5,91,0.0549
2022-06-09,MLD-01,Malard Central Health Center,21,0,21,162,0.1296
2022-06-09,MLD-02,Sabashahr Health Center,12,0,12,165,0.0727
2022-06-09,MLD-03,Vahedieh Health Center,6,0,6,116,0.0517
2022-06-09,MLD-04,Sadeghieh-e Malard Vaccination Center,10,0,10,128,0.0781
2022-06-09,MLD-05,Chelab Rural Vaccination Center,9,0,9,100,0.09
2022-06-10,MLD-01,Malard Central Health Center,8,0,8,73,0.1096
2022-06-10,MLD-02,Sabashahr Health Center,6,0,6,64,0.0938
2022-06-10,MLD-03,Vahedieh Health Center,4,0,4,50,0.08
2022-06-10,MLD-04,Sadeghieh-e Malard Vaccination Center,5,0,5,50,0.1
2022-06-10,MLD-05,Chelab Rural Vaccination Center,3,0,3,35,0.0857
2022-06-11,MLD-01,Malard Central Health Center,18,0,18,205,0.0878
2022-06-11,MLD-02,Sabashahr Health Center,16,0,16,196,0.0816
2022-06-11,MLD-03,Vahedieh Health Center,10,0,10,121,0.0826
2022-06-11,MLD-04,Sadeghieh-e Malard Vaccination Center,12,0,12,144,0.0833
2022-06-11,MLD-05,Chelab Rural Vaccination Center,5,0,5,95,0.0526
2022-06-12,MLD-01,Malard Central Health Center,15,0,15,198,0.0758
2022-06-12,MLD-02,Sabashahr Health Center,13,14,27,174,0.1552
2022-06-12,MLD-03,Vahedieh Health Center,9,0,9,157,0.0573
2022-06-12,MLD-04,Sadeghieh-e Malard Vaccination Center,11,0,11,143,0.0769
2022-06-12,MLD-05,Chelab Rural Vaccination Center,6,0,6,94,0.0638
2022-06-13,MLD-01,Malard Central Health Center,20,0,20,206,0.0971
2022-06-13,MLD-02,Sabashahr Health Center,14,0,14,192,0.0729
2022-06-13,MLD-03,Vahedieh Health Center,13,0,13,130,0.1
2022-06-13,MLD-04,Sadeghieh-e Malard Vaccination Center,8,0,8,143,0.0559
2022-06-13,MLD-05,Chelab Rural Vaccination Center,8,0,8,84,0.0952
2022-06-14,MLD-01,Malard Central Health Center,17,0,17,184,0.0924
2022-06-14,MLD-02,Sabashahr Health Center,13,0,13,175,0.0743
2022-06-14,MLD-03,Vahedieh Health Center,11,0,11,131,0.084
2022-06-14,MLD-04,Sadeghieh-e Malard Vaccination Center,15,0,15,157,0.0955
2022-06-14,MLD-05,Chelab Rural Vaccination Center,12,0,12,104,0.1154
2022-06-15,MLD-01,Malard Central Health Center,22,0,22,187,0.1176
2022-06-15,MLD-02,Sabashahr Health Center,9,24,33,191,0.1728
2022-06-15,MLD-03,Vahedieh Health Center,8,0,8,146,0.0548
2022-06-15,MLD-04,Sadeghieh-e Malard Vaccination Center,10,0,10,124,0.0806
2022-06-15,MLD-05,Chelab Rural Vaccination Center,7,0,7,105,0.0667
2022-06-16,MLD-01,Malard Central Health Center,16,38,54,193,0.2798
2022-06-16,MLD-02,Sabashahr Health Center,11,0,11,145,0.0759
2022-06-16,MLD-03,Vahedieh Health Center,13,0,13,128,0.1016
2022-06-16,MLD-04,Sadeghieh-e Malard Vaccination Center,9,0,9,104,0.0865
2022-06-16,MLD-05,Chelab Rural Vaccination Center,7,0,7,78,0.0897
2022-06-17,MLD-01,Malard Central Health Center,4,0,4,63,0.0635
2022-06-17,MLD-02,Sabashahr Health Center,5,0,5,62,0.0806
2022-06-17,MLD-03,Vahedieh Health Center,4,0,4,49,0.0816
2022-06-17,MLD-04,Sadeghieh-e Malard Vaccination Center,3,0,3,40,0.075
2022-06-17,MLD-05,Chelab Rural Vaccination Center,3,0,3,33,0.0909
2022-06-18,MLD-01,Malard Central Health Center,13,0,13,189,0.0688
2022-06-18,MLD-02,Sabashahr Health Center,17,0,17,171,0.0994
2022-06-18,MLD-03,Vahedieh Health Center,10,0,10,124,0.0806
2022-06-18,MLD-04,Sadeghieh-e Malard Vaccination Center,10,0,10,119,0.084
2022-06-18,MLD-05,Chelab Rural Vaccination Center,7,0,7,96,0.0729
2022-06-19,MLD-01,Malard Central Health Center,14,0,14,172,0.0814
2022-06-19,MLD-02,Sabashahr Health Center,12,0,12,148,0.0811
2022-06-19,MLD-03,Vahedieh Health Center,10,0,10,137,0.073
2022-06-19,MLD-04,Sadeghieh-e Malard Vaccination Center,12,0,12,136,0.0882
2022-06-19,MLD-05,Chelab Rural Vaccination Center,7,0,7,94,0.0745
2022-06-20,MLD-01,Malard Central Health Center,11,0,11,179,0.0615
2022-06-20,MLD-02,Sabashahr Health Center,15,0,15,140,0.1071
2022-06-20,MLD-03,Vahedieh Health Center,11,0,11,140,0.0786
2022-06-20,MLD-04,Sadeghieh-e Malard Vaccination Center,8,0,8,113,0.0708
2022-06-20,MLD-05,Chelab Rural Vaccination Center,6,0,6,92,0.0652
2022-06-21,MLD-01,Malard Central Health Center,8,0,8,164,0.0488
2022-06-21,MLD-02,Sabashahr Health Center,11,0,11,141,0.078
2022-06-21,MLD-03,Vahedieh Health Center,8,0,8,113,0.0708
2022-06-21,MLD-04,Sadeghieh-e Malard Vaccination Center,16,0,16,150,0.1067
2022-06-21,MLD-05,Chelab Rural Vaccination Center,8,0,8,86,0.093
